"order_id","date_key","merchant_key","product_key","total_sale_amount"
1,20251017,10,140,189.64
1,20251017,10,191,98.88
2,20251121,6,69,89.01
2,20251121,6,300,70.23
3,20251127,10,341,193.18
3,20251127,10,397,155.68
4,20251105,11,45,13.26
4,20251105,11,402,100.72
5,20251115,13,335,263.85
5,20251115,13,446,170.43
6,20251114,14,113,56.82
6,20251114,14,348,20.10
7,20251128,13,203,120.82
7,20251128,13,407,257.19
8,20251117,7,344,29.70
8,20251117,7,477,13.42
9,20251024,3,156,13.35
9,20251024,3,374,36.68
10,20251031,17,176,372.20
10,20251031,17,448,135.90
11,20251126,6,333,182.40
11,20251126,6,476,90.61
12,20251018,10,312,202.52
12,20251018,10,315,90.84
13,20251107,4,190,93.48
13,20251107,4,300,267.56
14,20251213,17,191,91.84
14,20251213,17,313,305.73
15,20251026,11,5,358.04
15,20251026,11,493,79.80
16,20251213,4,19,192.39
16,20251213,4,124,72.84
17,20251108,5,155,278.88
17,20251108,5,173,177.32
18,20251025,17,15,301.47
18,20251025,17,484,204.70
19,20251017,12,358,172.05
19,20251017,12,494,13.84
20,20251116,8,439,161.28
20,20251116,8,441,129.66
21,20251028,3,158,230.72
21,20251028,3,378,206.88
22,20251020,16,321,16.26
22,20251020,16,486,112.62
23,20251209,12,109,395.00
23,20251209,12,133,44.78
24,20251117,11,312,202.14
24,20251117,11,490,26.77
25,20251119,12,353,135.54
25,20251119,12,415,161.96
26,20251130,12,39,42.90
26,20251130,12,281,75.96
27,20251126,8,20,17.74
27,20251126,8,329,301.96
28,20251121,9,252,74.16
28,20251121,9,493,297.88
29,20251119,10,171,244.72
29,20251119,10,493,55.32
30,20251129,7,82,47.20
30,20251129,7,415,251.67
31,20251209,2,110,307.04
31,20251209,2,457,291.57
32,20251016,19,217,52.14
32,20251016,19,387,186.81
33,20251125,15,206,55.36
33,20251125,15,439,38.28
34,20251108,18,56,176.94
34,20251108,18,95,389.84
35,20251115,11,49,152.80
35,20251115,11,292,90.98
36,20251024,9,26,42.70
36,20251024,9,33,260.12
37,20251028,14,31,100.56
37,20251028,14,215,415.96
38,20251213,19,177,17.98
38,20251213,19,285,119.28
39,20251113,11,234,47.48
39,20251113,11,246,166.04
40,20251215,14,200,170.73
40,20251215,14,493,24.96
41,20251103,8,146,405.40
41,20251103,8,240,104.54
42,20251017,15,43,55.61
42,20251017,15,364,164.25
43,20251020,5,437,372.28
43,20251020,5,455,37.46
44,20251021,15,28,295.02
44,20251021,15,139,208.92
45,20251118,6,246,73.85
45,20251118,6,285,34.88
46,20251209,11,39,18.15
46,20251209,11,256,363.76
47,20251202,11,151,18.32
47,20251202,11,475,189.72
48,20251027,18,167,301.32
48,20251027,18,405,220.02
49,20251206,15,339,397.40
49,20251206,15,393,43.90
50,20251020,18,200,303.20
50,20251020,18,323,35.96
51,20251020,18,94,46.89
51,20251020,18,286,43.38
52,20251105,18,155,228.03
52,20251105,18,198,65.72
53,20251103,11,303,164.01
53,20251103,11,488,163.77
54,20251203,4,35,124.05
54,20251203,4,480,181.26
55,20251031,2,86,106.02
55,20251031,2,460,81.96
56,20251129,13,212,12.91
56,20251129,13,240,159.66
57,20251212,16,138,87.38
57,20251212,16,365,84.36
58,20251205,4,206,32.34
58,20251205,4,401,77.02
59,20251106,3,198,133.16
59,20251106,3,211,175.68
60,20251212,16,225,159.96
60,20251212,16,440,158.90
61,20251119,10,124,272.34
61,20251119,10,156,94.73
62,20251212,17,256,149.60
62,20251212,17,465,47.72
63,20251112,6,78,63.60
63,20251112,6,162,103.18
64,20251118,11,174,10.73
64,20251118,11,386,346.12
65,20251106,9,249,73.68
65,20251106,9,363,278.25
66,20251115,6,1,279.33
66,20251115,6,25,45.41
67,20251020,7,53,5.43
67,20251020,7,124,277.05
68,20251116,16,43,299.64
68,20251116,16,190,169.11
69,20251125,12,8,301.40
69,20251125,12,85,37.26
70,20251102,4,171,31.17
70,20251102,4,408,115.23
71,20251106,12,156,109.78
71,20251106,12,230,190.44
72,20251115,11,170,127.92
72,20251115,11,307,57.60
73,20251118,18,90,145.44
73,20251118,18,433,104.56
74,20251128,2,39,287.55
74,20251128,2,251,27.84
75,20251116,8,77,165.18
75,20251116,8,304,75.69
76,20251204,12,246,111.66
76,20251204,12,443,52.02
77,20251213,8,361,131.98
77,20251213,8,366,120.42
78,20251114,7,42,42.42
78,20251114,7,129,99.88
79,20251104,14,372,154.64
79,20251104,14,375,198.93
80,20251213,8,296,132.34
80,20251213,8,477,78.56
81,20251109,11,323,35.88
81,20251109,11,425,179.86
82,20251105,3,2,323.24
82,20251105,3,393,67.42
83,20251213,18,168,78.12
83,20251213,18,375,52.90
84,20251111,8,197,315.92
84,20251111,8,342,82.89
85,20251026,2,131,402.80
85,20251026,2,258,178.14
86,20251114,18,5,168.45
86,20251114,18,33,62.91
87,20251119,11,173,100.30
87,20251119,11,481,224.64
88,20251209,4,124,14.10
88,20251209,4,165,184.54
89,20251112,6,272,169.48
89,20251112,6,401,51.44
90,20251103,4,309,271.86
90,20251103,4,404,87.34
91,20251127,3,95,49.95
91,20251127,3,272,85.83
92,20251123,7,34,55.56
92,20251123,7,288,49.12
93,20251020,1,352,153.60
93,20251020,1,411,48.72
94,20251210,12,425,29.97
94,20251210,12,489,58.16
95,20251208,9,39,17.40
95,20251208,9,160,152.94
96,20251025,4,275,120.72
96,20251025,4,489,190.30
97,20251211,8,164,376.28
97,20251211,8,382,9.45
98,20251123,9,166,70.68
98,20251123,9,402,118.92
99,20251208,10,152,171.09
99,20251208,10,320,83.04
100,20251124,3,155,379.92
100,20251124,3,214,94.64
101,20251024,7,139,51.65
101,20251024,7,165,413.80
102,20251022,18,84,186.84
102,20251022,18,351,128.97
103,20251111,17,181,65.97
103,20251111,17,375,184.66
104,20251029,2,218,191.76
104,20251029,2,229,208.66
105,20251127,18,292,304.53
105,20251127,18,495,78.78
106,20251205,7,259,226.89
106,20251205,7,315,94.16
107,20251101,2,138,160.40
107,20251101,2,347,18.86
108,20251020,16,150,45.60
108,20251020,16,441,102.95
109,20251206,17,83,187.08
109,20251206,17,308,294.39
110,20251130,17,139,43.16
110,20251130,17,462,123.86
111,20251026,13,153,241.04
111,20251026,13,444,201.74
112,20251027,7,177,53.02
112,20251027,7,361,301.35
113,20251022,7,9,193.84
113,20251022,7,159,206.00
114,20251124,7,129,71.31
114,20251124,7,355,176.79
115,20251019,4,274,102.63
115,20251019,4,327,63.96
116,20251201,2,364,256.80
116,20251201,2,367,250.05
117,20251204,15,116,75.81
117,20251204,15,130,22.29
118,20251212,13,250,93.21
118,20251212,13,436,259.52
119,20251124,11,219,74.46
119,20251124,11,372,103.62
120,20251016,19,59,150.57
120,20251016,19,155,45.12
121,20251024,17,29,212.72
121,20251024,17,476,78.52
122,20251019,8,114,283.11
122,20251019,8,361,66.54
123,20251101,13,484,14.30
123,20251101,13,500,87.03
124,20251030,5,61,100.64
124,20251030,5,278,48.37
125,20251211,12,132,139.96
125,20251211,12,411,128.52
126,20251029,4,84,200.14
126,20251029,4,256,23.46
127,20251106,16,228,33.06
127,20251106,16,456,389.48
128,20251030,20,36,257.52
128,20251030,20,321,30.20
129,20251113,15,358,7.57
129,20251113,15,404,78.46
130,20251111,2,268,253.74
130,20251111,2,470,206.52
131,20251205,11,128,155.24
131,20251205,11,445,163.77
132,20251126,8,48,117.40
132,20251126,8,53,66.82
133,20251023,11,177,104.67
133,20251023,11,274,21.92
134,20251204,5,170,125.32
134,20251204,5,234,118.77
135,20251211,8,61,187.00
135,20251211,8,165,30.00
136,20251114,8,24,375.76
136,20251114,8,291,81.09
137,20251111,2,151,173.58
137,20251111,2,200,193.82
138,20251203,16,249,70.83
138,20251203,16,286,8.99
139,20251105,16,293,33.85
139,20251105,16,423,47.61
140,20251101,3,172,285.48
140,20251101,3,454,235.56
141,20251111,10,99,90.08
141,20251111,10,478,28.24
142,20251210,6,46,128.86
142,20251210,6,288,295.72
143,20251115,17,70,82.06
143,20251115,17,446,205.52
144,20251209,7,107,259.59
144,20251209,7,202,23.92
145,20251202,6,15,91.72
145,20251202,6,123,170.31
146,20251125,3,93,168.40
146,20251125,3,284,156.28
147,20251122,2,17,188.61
147,20251122,2,394,91.92
148,20251027,10,90,129.50
148,20251027,10,186,263.04
149,20251118,6,128,50.55
149,20251118,6,322,144.63
150,20251106,14,121,110.64
150,20251106,14,264,156.84
151,20251017,11,299,59.98
151,20251017,11,488,250.72
152,20251204,14,2,10.69
152,20251204,14,450,44.15
153,20251123,11,211,157.32
153,20251123,11,348,73.82
154,20251213,18,187,267.76
154,20251213,18,364,16.54
155,20251103,5,198,284.64
155,20251103,5,380,31.63
156,20251114,8,163,10.48
156,20251114,8,340,25.95
157,20251211,3,241,226.11
157,20251211,3,293,109.92
158,20251116,4,60,107.34
158,20251116,4,203,10.72
159,20251214,15,411,51.24
159,20251214,15,430,235.02
160,20251115,14,367,85.14
160,20251115,14,474,346.16
161,20251116,7,112,208.80
161,20251116,7,207,14.06
162,20251212,18,187,152.22
162,20251212,18,200,26.61
163,20251107,9,109,165.66
163,20251107,9,473,226.60
164,20251024,15,189,32.76
164,20251024,15,485,91.44
165,20251030,19,234,53.04
165,20251030,19,352,57.64
166,20251020,18,334,152.36
166,20251020,18,455,45.32
167,20251018,15,193,190.70
167,20251018,15,280,215.92
168,20251205,5,179,116.04
168,20251205,5,391,31.68
169,20251126,3,301,161.00
169,20251126,3,319,110.14
170,20251128,18,106,62.40
170,20251128,18,176,44.24
171,20251030,8,148,168.44
171,20251030,8,383,47.78
172,20251211,9,57,75.98
172,20251211,9,265,202.76
173,20251019,4,133,244.29
173,20251019,4,348,207.06
174,20251021,19,409,131.00
174,20251021,19,483,83.14
175,20251210,20,116,160.88
175,20251210,20,389,112.44
176,20251102,7,331,92.74
176,20251102,7,449,274.08
177,20251103,14,313,37.81
177,20251103,14,332,73.48
178,20251020,18,218,265.08
178,20251020,18,387,152.34
179,20251020,7,308,87.20
179,20251020,7,500,125.19
180,20251204,17,67,71.01
180,20251204,17,296,152.90
181,20251120,20,83,95.82
181,20251120,20,118,74.13
182,20251016,20,56,66.46
182,20251016,20,306,43.16
183,20251117,7,188,73.46
183,20251117,7,207,49.95
184,20251122,17,165,66.16
184,20251122,17,355,209.16
185,20251105,16,119,38.27
185,20251105,16,236,194.94
186,20251027,18,33,159.94
186,20251027,18,382,34.59
187,20251105,13,208,90.86
187,20251105,13,364,46.12
188,20251105,3,325,137.74
188,20251105,3,421,95.67
189,20251122,16,196,176.28
189,20251122,16,308,131.12
190,20251205,2,31,170.49
190,20251205,2,51,151.08
191,20251121,5,71,173.97
191,20251121,5,470,160.02
192,20251025,9,217,112.95
192,20251025,9,375,205.80
193,20251106,18,111,200.36
193,20251106,18,294,97.41
194,20251203,11,284,65.82
194,20251203,11,303,75.74
195,20251114,7,61,195.18
195,20251114,7,220,47.42
196,20251204,8,79,215.79
196,20251204,8,244,90.39
197,20251115,6,152,38.52
197,20251115,6,227,38.51
198,20251124,16,265,181.17
198,20251124,16,368,35.48
199,20251206,12,21,171.86
199,20251206,12,398,67.18
200,20251027,7,35,241.96
200,20251027,7,437,162.93
201,20251104,11,65,27.90
201,20251104,11,199,305.82
202,20251106,3,25,66.03
202,20251106,3,447,189.04
203,20251108,12,282,195.60
203,20251108,12,372,231.72
204,20251024,18,115,325.32
204,20251024,18,196,85.78
205,20251016,20,245,107.12
205,20251016,20,374,266.00
206,20251028,18,203,40.92
206,20251028,18,428,47.40
207,20251128,12,43,20.46
207,20251128,12,375,280.48
208,20251130,4,305,33.69
208,20251130,4,312,67.88
209,20251211,2,273,61.16
209,20251211,2,452,163.60
210,20251201,2,160,187.44
210,20251201,2,496,198.52
211,20251119,14,69,192.90
211,20251119,14,256,175.29
212,20251202,9,161,23.85
212,20251202,9,313,162.18
213,20251214,14,110,95.91
213,20251214,14,445,206.16
214,20251207,3,281,295.50
214,20251207,3,418,250.23
215,20251122,4,21,24.29
215,20251122,4,184,112.65
216,20251203,6,68,66.33
216,20251203,6,499,22.20
217,20251126,13,312,136.04
217,20251126,13,317,79.71
218,20251211,17,206,85.54
218,20251211,17,220,255.15
219,20251017,9,76,74.80
219,20251017,9,271,93.87
220,20251115,16,358,146.32
220,20251115,16,363,106.11
221,20251101,16,131,86.35
221,20251101,16,279,135.50
222,20251107,18,65,299.07
222,20251107,18,352,372.12
223,20251019,15,80,11.90
223,20251019,15,224,62.01
224,20251114,10,179,80.76
224,20251114,10,255,292.36
225,20251101,19,98,103.56
225,20251101,19,197,109.80
226,20251209,1,272,31.96
226,20251209,1,277,279.69
227,20251207,10,88,250.59
227,20251207,10,424,175.71
228,20251019,10,20,192.60
228,20251019,10,175,70.10
229,20251118,6,4,101.52
229,20251118,6,177,45.30
230,20251108,8,19,230.44
230,20251108,8,62,71.01
231,20251206,14,34,11.11
231,20251206,14,204,334.00
232,20251102,2,59,36.32
232,20251102,2,367,138.32
233,20251207,18,400,67.22
233,20251207,18,488,70.95
234,20251123,7,43,253.11
234,20251123,7,397,147.96
235,20251106,16,65,75.70
235,20251106,16,245,55.65
236,20251108,13,163,144.44
236,20251108,13,499,41.76
237,20251023,16,132,292.32
237,20251023,16,447,210.87
238,20251203,2,300,268.44
238,20251203,2,435,60.35
239,20251019,8,178,245.79
239,20251019,8,227,39.60
240,20251124,15,279,273.03
240,20251124,15,490,27.76
241,20251208,12,16,66.09
241,20251208,12,369,158.79
242,20251121,19,220,119.22
242,20251121,19,484,18.96
243,20251209,16,27,157.80
243,20251209,16,315,72.66
244,20251106,8,47,58.92
244,20251106,8,206,265.02
245,20251123,12,215,206.88
245,20251123,12,343,42.14
246,20251210,1,196,54.46
246,20251210,1,460,40.68
247,20251201,19,126,149.24
247,20251201,19,466,158.16
248,20251113,20,61,81.98
248,20251113,20,233,72.58
249,20251122,8,24,72.90
249,20251122,8,147,306.06
250,20251020,18,70,67.15
250,20251020,18,125,35.62
251,20251128,20,302,12.56
251,20251128,20,425,100.12
252,20251017,8,67,207.02
252,20251017,8,97,141.74
253,20251111,9,98,60.15
253,20251111,9,297,159.75
254,20251120,8,392,123.63
254,20251120,8,449,45.44
255,20251018,10,265,34.17
255,20251018,10,310,115.22
256,20251116,3,283,207.44
256,20251116,3,355,249.33
257,20251111,19,208,136.82
257,20251111,19,218,384.80
258,20251114,17,141,107.46
258,20251114,17,333,282.78
259,20251123,12,21,189.40
259,20251123,12,464,154.64
260,20251030,4,227,135.06
260,20251030,4,266,53.62
261,20251017,18,434,225.15
261,20251017,18,466,46.56
262,20251116,11,66,26.66
262,20251116,11,171,16.46
263,20251211,13,43,88.47
263,20251211,13,389,121.92
264,20251201,11,75,201.15
264,20251201,11,295,82.59
265,20251130,19,415,264.68
265,20251130,19,455,205.92
266,20251023,14,312,228.45
266,20251023,14,381,19.53
267,20251214,17,224,401.84
267,20251214,17,471,417.96
268,20251019,10,40,202.89
268,20251019,10,47,170.20
269,20251122,2,302,12.90
269,20251122,2,340,114.24
270,20251209,16,47,123.48
270,20251209,16,207,243.36
271,20251026,18,324,42.24
271,20251026,18,445,288.09
272,20251124,2,102,84.42
272,20251124,2,156,121.82
273,20251211,10,287,302.07
273,20251211,10,382,67.98
274,20251021,3,402,144.94
274,20251021,3,497,251.31
275,20251122,8,242,40.36
275,20251122,8,439,157.92
276,20251203,1,6,295.44
276,20251203,1,345,119.52
277,20251028,17,103,62.86
277,20251028,17,177,42.81
278,20251210,13,198,190.18
278,20251210,13,315,95.26
279,20251021,10,187,84.06
279,20251021,10,332,109.08
280,20251202,10,265,45.42
280,20251202,10,352,8.69
281,20251108,19,17,215.76
281,20251108,19,300,298.98
282,20251121,1,365,208.76
282,20251121,1,416,289.92
283,20251017,6,347,124.78
283,20251017,6,445,61.14
284,20251019,10,263,145.64
284,20251019,10,331,123.27
285,20251115,17,163,43.98
285,20251115,17,379,152.46
286,20251031,6,214,49.37
286,20251031,6,338,33.53
287,20251201,16,106,256.48
287,20251201,16,321,77.56
288,20251114,7,350,215.55
288,20251114,7,466,271.92
289,20251019,14,166,35.16
289,20251019,14,237,225.24
290,20251101,20,348,158.73
290,20251101,20,382,78.78
291,20251114,3,182,200.64
291,20251114,3,382,198.06
292,20251205,14,23,124.70
292,20251205,14,237,100.26
293,20251207,15,173,18.87
293,20251207,15,207,194.24
294,20251025,12,100,223.24
294,20251025,12,433,78.03
295,20251023,4,231,201.69
295,20251023,4,450,206.91
296,20251126,2,92,86.59
296,20251126,2,120,102.72
297,20251025,6,344,259.05
297,20251025,6,419,96.84
298,20251119,10,135,153.75
298,20251119,10,268,176.84
299,20251117,1,35,315.48
299,20251117,1,257,222.84
300,20251017,14,155,98.58
300,20251017,14,159,126.68
301,20251105,17,242,260.88
301,20251105,17,467,45.99
302,20251112,16,14,59.20
302,20251112,16,260,9.01
303,20251102,18,461,279.60
303,20251102,18,482,158.82
304,20251107,6,206,191.62
304,20251107,6,329,30.72
305,20251024,9,197,82.48
305,20251024,9,385,271.71
306,20251115,5,430,167.67
306,20251115,5,469,187.38
307,20251214,17,97,205.16
307,20251214,17,446,177.78
308,20251018,7,38,149.06
308,20251018,7,72,120.52
309,20251215,7,101,65.30
309,20251215,7,256,191.40
310,20251101,14,123,103.69
310,20251101,14,179,314.70
311,20251107,4,31,417.36
311,20251107,4,451,104.01
312,20251021,17,126,148.94
312,20251021,17,381,31.48
313,20251023,3,386,33.82
313,20251023,3,439,30.22
314,20251120,13,101,211.96
314,20251120,13,311,85.59
315,20251122,16,44,70.97
315,20251122,16,303,261.32
316,20251121,4,100,266.34
316,20251121,4,403,19.20
317,20251114,20,397,68.03
317,20251114,20,442,372.64
318,20251119,3,13,291.76
318,20251119,3,412,287.36
319,20251125,16,5,44.36
319,20251125,16,362,239.55
320,20251204,4,24,53.31
320,20251204,4,450,291.54
321,20251114,7,340,257.61
321,20251114,7,442,116.73
322,20251022,12,148,22.61
322,20251022,12,201,244.95
323,20251124,5,5,155.00
323,20251124,5,264,80.61
324,20251207,5,127,87.28
324,20251207,5,286,300.80
325,20251022,11,368,306.30
325,20251022,11,388,314.00
326,20251112,3,100,104.25
326,20251112,3,311,140.44
327,20251112,3,94,5.12
327,20251112,3,451,105.92
328,20251017,6,291,221.04
328,20251017,6,448,13.54
329,20251027,12,266,20.10
329,20251027,12,331,112.62
330,20251126,14,206,48.66
330,20251126,14,343,233.19
331,20251206,12,123,138.96
331,20251206,12,175,124.24
332,20251103,6,285,17.11
332,20251103,6,426,168.46
333,20251117,20,241,29.98
333,20251117,20,355,38.04
334,20251205,6,71,25.32
334,20251205,6,451,288.12
335,20251103,14,158,148.38
335,20251103,14,488,257.55
336,20251115,12,40,141.69
336,20251115,12,325,106.74
337,20251130,6,56,180.84
337,20251130,6,435,257.46
338,20251018,19,25,54.24
338,20251018,19,493,43.20
339,20251128,14,14,86.53
339,20251128,14,500,74.73
340,20251101,8,57,78.00
340,20251101,8,270,306.80
341,20251025,16,189,140.24
341,20251025,16,363,74.17
342,20251024,10,191,171.84
342,20251024,10,222,362.56
343,20251206,9,285,38.49
343,20251206,9,337,13.59
344,20251204,4,272,212.19
344,20251204,4,334,266.37
345,20251202,2,247,61.68
345,20251202,2,455,81.62
346,20251209,11,315,244.56
346,20251209,11,325,280.08
347,20251215,5,223,241.38
347,20251215,5,335,8.07
348,20251119,1,25,72.81
348,20251119,1,406,188.67
349,20251029,20,196,33.97
349,20251029,20,496,46.60
350,20251029,8,183,202.92
350,20251029,8,391,114.99
351,20251030,9,388,109.44
351,20251030,9,393,78.30
352,20251113,15,419,23.36
352,20251113,15,491,106.64
353,20251024,9,147,287.37
353,20251024,9,420,309.63
354,20251103,19,23,44.54
354,20251103,19,486,152.94
355,20251123,7,252,44.35
355,20251123,7,387,252.04
356,20251123,12,175,198.88
356,20251123,12,386,119.20
357,20251124,4,343,84.24
357,20251124,4,480,178.11
358,20251124,14,78,35.94
358,20251124,14,113,21.28
359,20251213,19,300,96.57
359,20251213,19,418,255.21
360,20251209,6,183,74.19
360,20251209,6,237,160.41
361,20251119,13,14,81.84
361,20251119,13,153,34.87
362,20251103,16,65,55.68
362,20251103,16,247,86.38
363,20251022,6,104,179.34
363,20251022,6,245,83.74
364,20251031,18,84,47.76
364,20251031,18,107,163.20
365,20251029,2,118,72.42
365,20251029,2,317,108.04
366,20251110,8,228,264.84
366,20251110,8,437,34.92
367,20251027,10,142,111.92
367,20251027,10,202,98.46
368,20251031,17,96,101.86
368,20251031,17,310,276.81
369,20251127,4,26,109.80
369,20251127,4,167,253.89
370,20251123,15,264,260.43
370,20251123,15,444,94.56
371,20251017,14,183,190.44
371,20251017,14,356,176.76
372,20251110,2,212,11.42
372,20251110,2,446,82.65
373,20251129,4,41,242.13
373,20251129,4,279,17.26
374,20251112,18,182,24.98
374,20251112,18,454,309.28
375,20251128,19,13,140.46
375,20251128,19,240,143.52
376,20251127,11,166,187.26
376,20251127,11,261,12.30
377,20251207,19,146,254.24
377,20251207,19,456,111.18
378,20251214,18,44,213.96
378,20251214,18,125,176.62
379,20251028,11,148,209.04
379,20251028,11,163,48.06
380,20251126,9,289,38.16
380,20251126,9,397,120.87
381,20251115,14,25,78.22
381,20251115,14,311,230.96
382,20251029,18,148,175.58
382,20251029,18,402,221.12
383,20251022,5,39,12.13
383,20251022,5,244,167.76
384,20251021,9,206,121.02
384,20251021,9,497,49.13
385,20251101,16,65,39.28
385,20251101,16,116,216.15
386,20251126,5,231,21.69
386,20251126,5,490,35.00
387,20251022,8,65,205.04
387,20251022,8,106,194.34
388,20251202,13,5,209.64
388,20251202,13,209,195.76
389,20251025,12,187,149.16
389,20251025,12,395,37.36
390,20251130,9,298,144.84
390,20251130,9,431,97.24
391,20251119,11,460,16.41
391,20251119,11,466,276.72
392,20251111,12,352,142.00
392,20251111,12,358,178.96
393,20251019,4,62,89.56
393,20251019,4,238,116.62
394,20251209,2,134,44.24
394,20251209,2,422,22.05
395,20251104,8,15,69.16
395,20251104,8,114,244.86
396,20251023,8,182,30.84
396,20251023,8,344,85.64
397,20251022,17,224,55.23
397,20251022,17,256,156.24
398,20251018,18,271,150.66
398,20251018,18,412,252.32
399,20251209,13,149,206.20
399,20251209,13,399,208.44
400,20251129,14,104,92.70
400,20251129,14,327,392.28
401,20251022,9,339,250.38
401,20251022,9,347,127.46
402,20251030,20,254,57.19
402,20251030,20,279,83.34
403,20251123,12,361,91.62
403,20251123,12,469,33.93
404,20251108,5,337,64.56
404,20251108,5,472,98.84
405,20251109,1,181,132.72
405,20251109,1,274,274.35
406,20251017,2,77,15.12
406,20251017,2,429,22.47
407,20251031,15,55,104.47
407,20251031,15,187,199.74
408,20251102,2,223,138.42
408,20251102,2,295,190.02
409,20251020,15,235,100.46
409,20251020,15,253,15.16
410,20251119,18,166,140.32
410,20251119,18,485,99.66
411,20251202,4,282,41.88
411,20251202,4,413,190.94
412,20251103,4,430,161.56
412,20251103,4,433,285.78
413,20251105,8,78,166.12
413,20251105,8,105,160.16
414,20251126,5,422,157.00
414,20251126,5,484,99.08
415,20251116,10,98,80.92
415,20251116,10,408,11.37
416,20251030,6,128,357.24
416,20251030,6,237,14.86
417,20251212,11,17,205.98
417,20251212,11,137,80.35
418,20251128,15,315,61.76
418,20251128,15,384,84.69
419,20251120,15,115,176.20
419,20251120,15,167,16.30
420,20251117,12,296,46.59
420,20251117,12,433,382.28
421,20251209,14,34,174.52
421,20251209,14,117,193.14
422,20251113,18,55,103.24
422,20251113,18,153,93.34
423,20251126,17,200,203.72
423,20251126,17,422,106.11
424,20251028,16,63,28.93
424,20251028,16,491,103.29
425,20251123,19,274,65.37
425,20251123,19,361,34.46
426,20251213,6,140,46.12
426,20251213,6,253,200.88
427,20251125,18,134,142.94
427,20251125,18,471,113.72
428,20251027,17,110,186.90
428,20251027,17,236,204.48
429,20251027,10,97,132.90
429,20251027,10,154,208.66
430,20251026,13,256,72.21
430,20251026,13,431,402.96
431,20251130,8,35,17.56
431,20251130,8,123,162.24
432,20251115,17,302,37.92
432,20251115,17,400,35.42
433,20251107,13,295,124.05
433,20251107,13,349,303.80
434,20251024,11,297,304.80
434,20251024,11,347,137.18
435,20251127,6,258,201.90
435,20251127,6,316,241.29
436,20251110,17,363,40.47
436,20251110,17,412,105.18
437,20251205,1,196,175.82
437,20251205,1,423,202.32
438,20251213,20,96,119.42
438,20251213,20,236,21.68
439,20251018,18,149,180.68
439,20251018,18,237,173.28
440,20251210,13,41,46.26
440,20251210,13,55,299.46
441,20251124,4,286,192.76
441,20251124,4,430,88.14
442,20251116,14,58,102.23
442,20251116,14,208,144.38
443,20251207,1,52,284.52
443,20251207,1,384,76.08
444,20251104,13,32,261.87
444,20251104,13,96,173.64
445,20251101,8,211,18.21
445,20251101,8,468,212.20
446,20251123,18,192,207.46
446,20251123,18,317,65.34
447,20251031,14,445,154.66
447,20251031,14,496,125.07
448,20251028,9,225,230.61
448,20251028,9,307,88.29
449,20251106,15,221,36.82
449,20251106,15,363,285.72
450,20251109,18,64,69.87
450,20251109,18,247,296.58
451,20251020,13,179,276.60
451,20251020,13,386,72.12
452,20251126,4,54,145.80
452,20251126,4,308,28.92
453,20251022,13,45,103.39
453,20251022,13,83,184.42
454,20251128,2,4,46.11
454,20251128,2,252,25.91
455,20251208,4,28,135.66
455,20251208,4,190,99.24
456,20251107,1,224,30.36
456,20251107,1,443,148.80
457,20251018,19,253,157.02
457,20251018,19,306,37.23
458,20251027,5,95,162.04
458,20251027,5,155,92.66
459,20251215,11,52,139.00
459,20251215,11,71,88.68
460,20251117,20,173,192.26
460,20251117,20,486,175.02
461,20251020,12,151,299.34
461,20251020,12,232,40.06
462,20251023,7,242,287.07
462,20251023,7,335,101.24
463,20251127,19,278,296.40
463,20251127,19,391,37.12
464,20251104,18,150,397.04
464,20251104,18,205,160.58
465,20251116,15,351,130.52
465,20251116,15,458,285.54
466,20251214,19,394,67.39
466,20251214,19,419,15.21
467,20251209,2,294,56.28
467,20251209,2,312,97.17
468,20251202,12,68,301.95
468,20251202,12,299,74.98
469,20251124,3,325,310.41
469,20251124,3,448,25.85
470,20251024,2,144,176.10
470,20251024,2,401,69.50
471,20251124,13,73,260.48
471,20251124,13,113,52.94
472,20251026,6,241,29.72
472,20251026,6,270,114.52
473,20251126,11,45,67.80
473,20251126,11,436,48.21
474,20251127,4,228,182.28
474,20251127,4,379,94.27
475,20251105,19,120,124.16
475,20251105,19,276,105.36
476,20251128,9,298,262.59
476,20251128,9,475,103.32
477,20251021,3,125,72.57
477,20251021,3,347,53.67
478,20251021,14,228,86.90
478,20251021,14,321,10.56
479,20251106,11,242,191.90
479,20251106,11,266,139.20
480,20251117,13,51,87.66
480,20251117,13,445,191.88
481,20251022,4,226,195.12
481,20251022,4,400,121.48
482,20251019,4,299,67.08
482,20251019,4,323,86.44
483,20251114,2,152,170.82
483,20251114,2,346,5.06
484,20251031,2,65,89.12
484,20251031,2,254,97.98
485,20251110,20,108,165.14
485,20251110,20,384,128.04
486,20251026,13,333,97.76
486,20251026,13,336,300.00
487,20251031,10,316,169.17
487,20251031,10,432,108.84
488,20251211,7,78,335.00
488,20251211,7,417,145.53
489,20251108,5,200,117.21
489,20251108,5,342,94.06
490,20251023,15,302,135.51
490,20251023,15,351,62.31
491,20251117,5,137,140.56
491,20251117,5,311,262.56
492,20251120,4,249,289.95
492,20251120,4,480,184.62
493,20251114,11,309,33.52
493,20251114,11,324,55.10
494,20251201,15,262,378.68
494,20251201,15,286,23.88
495,20251208,15,63,128.10
495,20251208,15,255,127.02
496,20251121,2,56,298.23
496,20251121,2,137,247.89
497,20251130,13,100,167.28
497,20251130,13,251,273.03
498,20251214,19,24,264.52
498,20251214,19,331,115.56
499,20251111,2,51,163.24
499,20251111,2,381,17.70
500,20251111,3,390,124.50
500,20251111,3,401,8.78
501,20251028,14,161,117.60
501,20251028,14,189,189.36
502,20251209,10,31,69.36
502,20251209,10,83,201.30
503,20251030,17,117,206.79
503,20251030,17,414,82.46
504,20251204,13,172,263.24
504,20251204,13,303,72.36
505,20251213,9,95,235.08
505,20251213,9,441,14.60
506,20251029,7,75,89.64
506,20251029,7,376,238.84
507,20251105,11,143,63.68
507,20251105,11,292,209.46
508,20251212,11,90,333.56
508,20251212,11,483,304.86
509,20251028,14,113,75.51
509,20251028,14,205,163.56
510,20251021,3,185,217.71
510,20251021,3,469,75.40
511,20251028,12,13,25.80
511,20251028,12,174,66.20
512,20251028,9,290,226.98
512,20251028,9,412,33.87
513,20251205,13,92,65.58
513,20251205,13,187,254.52
514,20251105,14,375,65.45
514,20251105,14,486,58.86
515,20251207,4,91,5.64
515,20251207,4,430,34.57
516,20251028,12,165,130.08
516,20251028,12,414,91.86
517,20251213,14,103,61.84
517,20251213,14,379,86.82
518,20251018,14,206,195.76
518,20251018,14,240,146.36
519,20251126,3,428,285.27
519,20251126,3,445,319.88
520,20251207,12,12,77.85
520,20251207,12,138,141.06
521,20251108,5,401,65.35
521,20251108,5,464,283.04
522,20251024,9,9,273.24
522,20251024,9,363,49.36
523,20251204,2,139,144.16
523,20251204,2,451,239.04
524,20251019,15,47,114.76
524,20251019,15,74,349.16
525,20251022,9,417,266.52
525,20251022,9,451,187.80
526,20251022,3,37,85.34
526,20251022,3,473,97.80
527,20251126,6,291,147.33
527,20251126,6,354,177.14
528,20251021,6,251,144.63
528,20251021,6,263,10.04
529,20251126,9,180,300.30
529,20251126,9,349,82.94
530,20251024,5,261,172.00
530,20251024,5,421,202.50
531,20251123,2,153,167.31
531,20251123,2,205,77.28
532,20251120,15,16,305.60
532,20251120,15,274,209.56
533,20251212,6,54,148.48
533,20251212,6,230,18.83
534,20251101,18,202,90.39
534,20251101,18,460,418.20
535,20251017,8,48,96.88
535,20251017,8,452,19.74
536,20251213,7,5,79.26
536,20251213,7,288,24.01
537,20251208,13,24,178.24
537,20251208,13,332,33.08
538,20251130,1,133,249.93
538,20251130,1,485,6.49
539,20251121,4,305,132.62
539,20251121,4,385,46.94
540,20251101,6,119,99.99
540,20251101,6,185,129.82
541,20251125,12,33,99.94
541,20251125,12,456,188.16
542,20251211,12,73,169.44
542,20251211,12,209,40.24
543,20251201,5,92,173.76
543,20251201,5,230,253.20
544,20251125,13,33,184.30
544,20251125,13,116,24.58
545,20251102,4,274,197.94
545,20251102,4,363,22.28
546,20251127,10,257,145.65
546,20251127,10,305,241.50
547,20251126,5,348,21.46
547,20251126,5,486,31.98
548,20251022,10,380,338.32
548,20251022,10,452,342.24
549,20251025,13,119,58.23
549,20251025,13,336,128.64
550,20251123,3,50,54.42
550,20251123,3,56,94.56
551,20251110,19,16,85.28
551,20251110,19,479,212.85
552,20251103,3,8,106.38
552,20251103,3,36,248.73
553,20251210,20,140,73.56
553,20251210,20,364,109.68
554,20251212,7,263,243.33
554,20251212,7,290,11.44
555,20251115,16,39,223.12
555,20251115,16,496,20.64
556,20251106,13,147,60.33
556,20251106,13,305,202.48
557,20251207,15,200,199.20
557,20251207,15,323,117.96
558,20251202,15,2,151.90
558,20251202,15,497,99.72
559,20251126,16,9,94.62
559,20251126,16,386,194.38
560,20251125,10,185,217.29
560,20251125,10,383,209.28
561,20251024,17,334,50.82
561,20251024,17,338,118.24
562,20251207,11,240,50.26
562,20251207,11,372,33.98
563,20251127,3,428,106.44
563,20251127,3,486,122.50
564,20251121,5,276,175.76
564,20251121,5,390,369.28
565,20251203,11,164,192.45
565,20251203,11,310,63.48
566,20251019,15,325,293.70
566,20251019,15,483,76.24
567,20251024,13,335,119.34
567,20251024,13,422,259.80
568,20251029,8,166,29.72
568,20251029,8,323,38.00
569,20251108,18,61,404.24
569,20251108,18,101,266.56
570,20251027,20,156,217.02
570,20251027,20,436,196.08
571,20251210,18,53,77.98
571,20251210,18,389,50.44
572,20251209,7,447,44.42
572,20251209,7,453,62.07
573,20251212,12,5,182.28
573,20251212,12,404,47.96
574,20251214,12,136,145.46
574,20251214,12,141,212.31
575,20251202,3,399,87.69
575,20251202,3,406,170.84
576,20251021,16,23,28.58
576,20251021,16,112,91.63
577,20251114,17,12,101.37
577,20251114,17,133,173.64
578,20251025,16,150,170.86
578,20251025,16,160,144.64
579,20251107,12,25,103.49
579,20251107,12,479,291.52
580,20251211,11,241,17.34
580,20251211,11,485,45.20
581,20251209,8,51,13.74
581,20251209,8,92,284.73
582,20251111,13,19,198.44
582,20251111,13,319,209.58
583,20251126,4,242,136.56
583,20251126,4,302,209.18
584,20251115,16,364,155.36
584,20251115,16,445,414.08
585,20251127,19,34,183.12
585,20251127,19,161,300.84
586,20251021,6,291,89.26
586,20251021,6,490,44.96
587,20251016,6,332,46.35
587,20251016,6,401,132.48
588,20251031,17,231,239.08
588,20251031,17,318,197.82
589,20251128,11,245,68.16
589,20251128,11,360,128.72
590,20251027,2,71,178.06
590,20251027,2,130,146.13
591,20251122,9,340,391.40
591,20251122,9,415,123.48
592,20251020,10,209,44.75
592,20251020,10,239,143.32
593,20251102,12,247,89.38
593,20251102,12,378,86.76
594,20251031,13,93,8.24
594,20251031,13,319,288.30
595,20251118,9,359,263.43
595,20251118,9,436,204.28
596,20251109,3,149,116.64
596,20251109,3,341,97.37
597,20251128,12,179,277.95
597,20251128,12,350,177.18
598,20251111,11,246,197.32
598,20251111,11,297,47.43
599,20251206,9,199,214.00
599,20251206,9,294,36.86
600,20251116,12,45,11.74
600,20251116,12,392,44.92
601,20251206,11,193,244.95
601,20251206,11,233,36.36
602,20251104,5,322,40.80
602,20251104,5,426,30.02
603,20251031,8,109,138.08
603,20251031,8,361,254.32
604,20251105,7,140,132.18
604,20251105,7,475,185.10
605,20251215,6,164,29.25
605,20251215,6,325,39.66
606,20251126,12,17,61.12
606,20251126,12,445,378.96
607,20251206,2,340,125.67
607,20251206,2,479,262.96
608,20251101,17,98,11.73
608,20251101,17,107,43.16
609,20251104,5,13,20.13
609,20251104,5,241,166.46
610,20251025,8,126,25.20
610,20251025,8,433,86.26
611,20251123,11,171,198.54
611,20251123,11,367,283.44
612,20251017,16,307,342.92
612,20251017,16,450,92.42
613,20251027,5,55,70.08
613,20251027,5,458,81.26
614,20251212,20,20,34.15
614,20251212,20,291,179.00
615,20251029,6,95,73.59
615,20251029,6,485,23.00
616,20251207,19,196,54.08
616,20251207,19,245,208.90
617,20251214,4,231,12.56
617,20251214,4,480,415.12
618,20251031,4,388,94.48
618,20251031,4,455,54.36
619,20251115,19,115,37.65
619,20251115,19,132,202.40
620,20251020,20,86,302.40
620,20251020,20,177,372.44
621,20251021,3,21,226.35
621,20251021,3,191,114.48
622,20251031,15,15,207.52
622,20251031,15,498,141.96
623,20251123,7,253,19.24
623,20251123,7,481,35.10
624,20251213,8,119,274.92
624,20251213,8,207,42.22
625,20251126,2,229,193.66
625,20251126,2,359,141.34
626,20251121,2,165,12.11
626,20251121,2,480,64.68
627,20251108,14,47,208.53
627,20251108,14,126,110.88
628,20251125,9,56,62.16
628,20251125,9,107,360.56
629,20251105,5,10,56.29
629,20251105,5,105,161.26
630,20251210,2,156,320.04
630,20251210,2,380,191.92
631,20251108,11,106,121.02
631,20251108,11,387,22.84
632,20251111,7,106,93.27
632,20251111,7,285,206.84
633,20251120,12,71,72.32
633,20251120,12,119,82.38
634,20251208,17,338,87.30
634,20251208,17,454,154.48
635,20251121,12,56,257.96
635,20251121,12,280,65.44
636,20251124,15,236,67.88
636,20251124,15,283,282.08
637,20251213,15,166,44.19
637,20251213,15,420,172.65
638,20251128,16,61,243.45
638,20251128,16,474,310.02
639,20251121,9,289,277.16
639,20251121,9,484,305.76
640,20251103,20,262,67.74
640,20251103,20,448,8.36
641,20251116,17,20,53.18
641,20251116,17,239,170.66
642,20251018,11,383,259.53
642,20251018,11,475,157.95
643,20251126,12,51,262.53
643,20251126,12,169,292.74
644,20251026,10,292,5.68
644,20251026,10,437,128.96
645,20251030,15,45,56.27
645,20251030,15,274,28.60
646,20251031,15,431,69.92
646,20251031,15,499,29.56
647,20251130,8,43,74.01
647,20251130,8,249,110.88
648,20251204,18,379,119.07
648,20251204,18,497,33.24
649,20251120,14,64,55.89
649,20251120,14,125,264.12
650,20251117,2,129,187.60
650,20251117,2,183,67.94
651,20251115,2,58,90.20
651,20251115,2,464,232.32
652,20251204,14,78,100.48
652,20251204,14,196,49.44
653,20251022,18,212,206.58
653,20251022,18,405,299.70
654,20251111,3,251,171.33
654,20251111,3,414,38.76
655,20251128,9,254,122.28
655,20251128,9,394,57.94
656,20251027,9,192,321.36
656,20251027,9,302,34.56
657,20251112,15,180,184.02
657,20251112,15,424,296.88
658,20251214,4,219,207.45
658,20251214,4,242,154.32
659,20251026,11,3,46.20
659,20251026,11,415,207.76
660,20251210,5,394,245.16
660,20251210,5,492,88.36
661,20251112,19,156,252.93
661,20251112,19,286,184.28
662,20251202,16,342,36.89
662,20251202,16,374,65.49
663,20251121,9,106,105.12
663,20251121,9,132,107.84
664,20251024,15,150,200.64
664,20251024,15,297,79.92
665,20251017,8,378,36.20
665,20251017,8,454,296.46
666,20251105,7,74,48.00
666,20251105,7,89,16.23
667,20251210,5,97,13.60
667,20251210,5,393,240.44
668,20251101,18,411,156.52
668,20251101,18,420,178.98
669,20251123,2,235,73.78
669,20251123,2,378,79.35
670,20251024,1,120,38.48
670,20251024,1,265,55.76
671,20251109,9,96,284.08
671,20251109,9,406,44.06
672,20251102,14,82,157.60
672,20251102,14,497,104.27
673,20251122,10,155,133.40
673,20251122,10,383,194.58
674,20251207,2,85,150.24
674,20251207,2,244,197.04
675,20251023,6,206,128.31
675,20251023,6,442,59.85
676,20251109,10,164,20.52
676,20251109,10,244,178.02
677,20251102,10,394,38.93
677,20251102,10,462,26.77
678,20251118,7,181,314.79
678,20251118,7,428,197.43
679,20251021,4,192,59.70
679,20251021,4,193,203.00
680,20251119,2,277,420.00
680,20251119,2,472,158.58
681,20251021,6,151,217.71
681,20251021,6,253,189.86
682,20251209,13,48,122.64
682,20251209,13,406,157.74
683,20251114,18,265,32.08
683,20251114,18,414,134.92
684,20251116,7,198,107.30
684,20251116,7,468,92.01
685,20251022,3,140,127.42
685,20251022,3,156,11.86
686,20251102,17,249,84.86
686,20251102,17,429,38.55
687,20251124,2,199,75.63
687,20251124,2,237,261.64
688,20251123,2,375,186.98
688,20251123,2,496,35.48
689,20251023,20,164,413.28
689,20251023,20,216,206.64
690,20251020,11,100,37.72
690,20251020,11,409,103.92
691,20251021,13,78,122.76
691,20251021,13,387,151.44
692,20251029,15,138,82.90
692,20251029,15,429,133.20
693,20251205,16,110,196.68
693,20251205,16,260,25.33
694,20251206,10,237,98.88
694,20251206,10,428,134.76
695,20251128,6,316,163.35
695,20251128,6,380,62.94
696,20251109,9,157,24.06
696,20251109,9,352,213.00
697,20251018,17,22,91.08
697,20251018,17,396,173.16
698,20251209,17,19,101.94
698,20251209,17,144,101.01
699,20251129,15,265,184.89
699,20251129,15,428,29.60
700,20251209,11,8,71.64
700,20251209,11,132,199.41
701,20251119,14,61,125.44
701,20251119,14,348,42.04
702,20251021,8,385,133.29
702,20251021,8,409,314.80
703,20251024,7,412,65.69
703,20251024,7,494,252.64
704,20251024,2,130,201.24
704,20251024,2,284,115.92
705,20251202,18,37,43.32
705,20251202,18,198,25.89
706,20251101,5,161,93.30
706,20251101,5,405,134.16
707,20251026,11,84,100.53
707,20251026,11,122,53.34
708,20251030,9,75,99.33
708,20251030,9,174,199.36
709,20251023,20,47,163.38
709,20251023,20,499,139.32
710,20251109,5,71,99.48
710,20251109,5,197,251.24
711,20251105,18,75,250.89
711,20251105,18,478,70.66
712,20251214,15,77,220.14
712,20251214,15,242,264.60
713,20251105,20,28,139.66
713,20251105,20,70,168.68
714,20251021,19,151,21.88
714,20251021,19,315,45.36
715,20251101,14,69,73.84
715,20251101,14,455,95.31
716,20251205,9,81,59.97
716,20251205,9,277,78.63
717,20251213,5,149,192.06
717,20251213,5,405,45.54
718,20251126,9,129,268.47
718,20251126,9,301,262.35
719,20251105,11,46,165.93
719,20251105,11,427,167.52
720,20251113,13,266,13.03
720,20251113,13,276,365.52
721,20251106,1,1,78.30
721,20251106,1,83,209.98
722,20251026,3,273,206.64
722,20251026,3,484,65.20
723,20251026,7,197,157.94
723,20251026,7,325,282.30
724,20251212,4,154,265.32
724,20251212,4,265,117.18
725,20251021,18,27,182.02
725,20251021,18,35,78.39
726,20251101,2,48,86.46
726,20251101,2,295,218.49
727,20251213,9,198,89.16
727,20251213,9,221,172.05
728,20251108,4,159,81.84
728,20251108,4,439,110.16
729,20251202,3,362,178.28
729,20251202,3,385,177.51
730,20251114,17,136,38.44
730,20251114,17,175,131.24
731,20251117,15,131,95.46
731,20251117,15,316,170.52
732,20251108,2,55,161.07
732,20251108,2,337,35.44
733,20251113,17,108,13.50
733,20251113,17,191,180.57
734,20251029,3,83,276.84
734,20251029,3,90,50.17
735,20251018,8,437,168.75
735,20251018,8,470,306.96
736,20251125,19,177,53.56
736,20251125,19,421,100.63
737,20251109,4,83,207.72
737,20251109,4,362,45.57
738,20251209,14,307,374.84
738,20251209,14,362,62.84
739,20251103,12,18,131.56
739,20251103,12,197,190.84
740,20251129,16,125,219.81
740,20251129,16,279,75.60
741,20251025,13,63,99.96
741,20251025,13,191,70.10
742,20251109,1,225,43.46
742,20251109,1,462,304.92
743,20251031,14,133,158.40
743,20251031,14,392,114.48
744,20251030,18,219,125.96
744,20251030,18,472,28.20
745,20251111,4,130,54.09
745,20251111,4,256,72.52
746,20251114,11,249,89.80
746,20251114,11,400,98.92
747,20251130,8,50,302.25
747,20251130,8,249,79.00
748,20251213,8,78,52.53
748,20251213,8,358,11.98
749,20251210,11,159,68.52
749,20251210,11,359,50.05
750,20251101,15,138,14.40
750,20251101,15,249,103.80
751,20251128,11,61,21.12
751,20251128,11,415,89.72
752,20251104,12,367,224.31
752,20251104,12,390,210.90
753,20251105,13,138,39.06
753,20251105,13,153,82.10
754,20251103,17,330,76.42
754,20251103,17,412,161.20
755,20251208,7,120,105.92
755,20251208,7,485,171.96
756,20251205,20,191,136.92
756,20251205,20,200,95.88
757,20251115,7,292,63.30
757,20251115,7,396,228.63
758,20251202,10,113,43.35
758,20251202,10,458,15.45
759,20251215,17,74,26.64
759,20251215,17,159,172.60
760,20251121,20,293,132.99
760,20251121,20,437,43.27
761,20251028,20,182,178.66
761,20251028,20,338,44.72
762,20251107,2,171,168.34
762,20251107,2,444,151.14
763,20251114,16,98,380.48
763,20251114,16,246,91.08
764,20251130,11,37,104.08
764,20251130,11,346,318.64
765,20251102,10,298,92.88
765,20251102,10,369,85.76
766,20251116,19,73,59.88
766,20251116,19,139,179.66
767,20251111,7,311,159.62
767,20251111,7,328,85.40
768,20251104,3,46,251.73
768,20251104,3,417,117.48
769,20251026,8,41,87.33
769,20251026,8,261,96.94
770,20251126,13,209,164.96
770,20251126,13,231,91.94
771,20251026,5,10,59.49
771,20251026,5,186,28.02
772,20251111,8,436,126.74
772,20251111,8,460,46.86
773,20251208,17,87,143.96
773,20251208,17,148,376.56
774,20251207,16,298,19.49
774,20251207,16,448,279.09
775,20251102,4,141,75.96
775,20251102,4,409,193.02
776,20251117,17,134,123.72
776,20251117,17,161,58.32
777,20251104,19,19,207.46
777,20251104,19,81,163.92
778,20251023,5,389,100.84
778,20251023,5,469,139.04
779,20251128,15,83,103.44
779,20251128,15,113,81.45
780,20251107,8,36,168.57
780,20251107,8,355,144.48
781,20251017,4,81,24.16
781,20251017,4,327,68.46
782,20251125,10,45,116.72
782,20251125,10,151,142.38
783,20251115,6,207,138.54
783,20251115,6,475,231.30
784,20251111,4,37,74.16
784,20251111,4,152,292.72
785,20251112,9,126,48.62
785,20251112,9,302,47.22
786,20251109,17,85,195.76
786,20251109,17,372,203.04
787,20251107,16,343,31.06
787,20251107,16,369,34.80
788,20251119,8,358,31.37
788,20251119,8,411,11.43
789,20251023,16,236,321.25
790,20251202,13,37,144.30
790,20251202,13,360,40.50
791,20251128,19,55,383.92
791,20251128,19,142,159.00
792,20251112,2,112,169.36
792,20251112,2,394,137.20
793,20251208,11,223,150.96
793,20251208,11,353,258.36
794,20251123,16,29,162.00
794,20251123,16,65,200.01
795,20251201,16,82,258.30
795,20251201,16,169,96.96
796,20251111,1,305,52.38
796,20251111,1,438,228.42
797,20251101,9,137,27.00
797,20251101,9,194,72.79
798,20251101,17,108,119.54
798,20251101,17,330,300.00
799,20251022,13,63,93.83
799,20251022,13,176,80.68
800,20251107,16,71,76.98
800,20251107,16,456,82.96
801,20251030,17,124,32.34
801,20251030,17,321,56.82
802,20251031,3,48,139.72
802,20251031,3,254,11.11
803,20251209,8,143,109.02
803,20251209,8,338,197.10
804,20251031,2,289,409.44
804,20251031,2,487,79.58
805,20251203,11,73,104.38
805,20251203,11,150,247.77
806,20251028,17,114,75.10
806,20251028,17,118,5.91
807,20251124,15,120,296.04
807,20251124,15,462,178.86
808,20251205,19,17,204.70
808,20251205,19,90,208.60
809,20251207,19,149,108.12
809,20251207,19,493,15.86
810,20251107,3,77,123.84
810,20251107,3,297,51.00
811,20251119,13,196,75.73
811,20251119,13,378,33.42
812,20251210,18,70,102.60
812,20251210,18,148,77.51
813,20251118,2,95,24.32
813,20251118,2,317,187.76
814,20251112,14,178,66.86
814,20251112,14,235,170.31
815,20251026,2,348,74.08
815,20251026,2,369,147.27
816,20251121,4,82,103.30
816,20251121,4,281,192.09
817,20251118,13,284,54.12
817,20251118,13,308,166.34
818,20251116,4,98,310.64
818,20251116,4,441,113.90
819,20251123,15,144,111.20
819,20251123,15,354,134.37
820,20251115,7,272,58.13
820,20251115,7,478,161.78
821,20251105,13,117,132.88
821,20251105,13,375,163.32
822,20251027,11,118,91.68
822,20251027,11,297,18.14
823,20251206,16,332,149.98
823,20251206,16,431,187.74
824,20251031,9,121,293.13
824,20251031,9,257,6.94
825,20251207,2,72,101.94
825,20251207,2,283,300.48
826,20251127,11,211,243.36
826,20251127,11,250,177.99
827,20251210,6,8,200.25
827,20251210,6,450,282.78
828,20251109,20,63,117.14
828,20251109,20,492,46.66
829,20251020,15,57,48.17
829,20251020,15,137,70.86
830,20251202,19,364,152.31
830,20251202,19,495,35.96
831,20251019,6,64,100.01
831,20251019,6,99,61.35
832,20251110,10,305,203.64
832,20251110,10,313,39.76
833,20251201,5,33,43.40
833,20251201,5,309,140.40
834,20251020,19,48,81.40
834,20251020,19,492,129.69
835,20251030,12,9,25.02
835,20251030,12,255,76.68
836,20251110,1,160,244.48
836,20251110,1,457,34.99
837,20251128,14,218,67.99
837,20251128,14,282,50.13
838,20251215,10,128,238.24
838,20251215,10,338,12.06
839,20251023,19,115,158.10
839,20251023,19,482,407.76
840,20251209,15,221,191.08
840,20251209,15,305,188.04
841,20251020,15,101,93.56
841,20251020,15,305,40.06
842,20251209,13,117,185.92
842,20251209,13,274,386.28
843,20251102,15,78,91.72
843,20251102,15,194,83.40
844,20251204,6,29,273.78
844,20251204,6,184,207.48
845,20251115,12,50,67.51
845,20251115,12,123,24.17
846,20251024,12,65,159.22
846,20251024,12,282,118.46
847,20251204,4,79,312.27
847,20251204,4,270,407.12
848,20251120,3,11,28.65
848,20251120,3,428,16.26
849,20251111,16,322,103.06
849,20251111,16,328,93.16
850,20251207,7,51,179.16
850,20251207,7,52,165.32
851,20251129,18,75,30.19
851,20251129,18,466,274.92
852,20251212,5,84,166.17
852,20251212,5,113,167.92
853,20251202,2,60,183.72
853,20251202,2,450,283.96
854,20251211,16,49,67.48
854,20251211,16,415,116.91
855,20251021,18,229,71.56
855,20251021,18,451,196.02
856,20251119,9,214,287.28
856,20251119,9,304,171.72
857,20251022,11,114,40.08
857,20251022,11,308,146.10
858,20251017,19,99,31.89
858,20251017,19,440,51.46
859,20251210,5,492,319.40
859,20251210,5,494,208.84
860,20251122,12,239,58.66
860,20251122,12,296,82.53
861,20251103,18,87,165.30
861,20251103,18,331,156.66
862,20251117,11,169,149.30
862,20251117,11,187,67.98
863,20251118,4,131,45.40
863,20251118,4,405,160.78
864,20251210,19,2,196.36
864,20251210,19,388,94.68
865,20251116,13,307,212.16
865,20251116,13,348,41.24
866,20251031,8,148,53.87
866,20251031,8,247,116.20
867,20251101,18,31,336.12
867,20251101,18,236,23.14
868,20251119,10,35,131.16
868,20251119,10,174,21.72
869,20251107,10,321,91.40
869,20251107,10,441,68.86
870,20251107,6,39,152.12
870,20251107,6,227,90.60
871,20251018,15,406,108.32
871,20251018,15,476,21.86
872,20251025,8,234,152.68
872,20251025,8,328,82.47
873,20251213,3,45,362.64
873,20251213,3,112,13.22
874,20251201,17,236,239.04
874,20251201,17,490,97.84
875,20251111,6,76,266.84
875,20251111,6,497,29.70
876,20251031,5,202,79.04
876,20251031,5,302,105.30
877,20251108,11,257,153.84
877,20251108,11,292,127.46
878,20251019,5,115,58.48
878,20251019,5,285,256.32
879,20251031,12,148,96.92
879,20251031,12,311,71.52
880,20251115,7,58,74.61
880,20251115,7,442,132.88
881,20251104,12,148,20.82
881,20251104,12,228,79.40
882,20251204,15,127,195.60
882,20251204,15,471,71.12
883,20251119,6,61,179.28
883,20251119,6,343,244.04
884,20251109,5,104,18.30
884,20251109,5,153,52.78
885,20251113,18,102,172.76
885,20251113,18,373,17.82
886,20251025,13,310,133.56
886,20251025,13,457,51.28
887,20251128,3,218,205.08
887,20251128,3,305,62.28
888,20251031,4,221,30.85
888,20251031,4,413,57.79
889,20251024,6,149,324.68
889,20251024,6,342,265.74
890,20251029,7,211,33.44
890,20251029,7,266,48.08
891,20251108,3,161,126.06
891,20251108,3,231,76.15
892,20251205,10,116,5.11
892,20251205,10,329,63.45
893,20251029,1,117,205.95
893,20251029,1,389,227.94
894,20251111,5,101,51.29
894,20251111,5,240,34.00
895,20251213,12,26,27.40
895,20251213,12,337,6.14
896,20251023,11,100,137.38
896,20251023,11,274,108.32
897,20251103,10,110,52.45
897,20251103,10,365,258.24
898,20251110,13,143,133.66
898,20251110,13,370,151.40
899,20251121,18,115,130.68
899,20251121,18,311,250.60
900,20251203,3,25,69.38
900,20251203,3,433,107.88
901,20251108,12,341,65.52
901,20251108,12,375,222.54
902,20251121,15,256,84.00
902,20251121,15,302,89.16
903,20251102,18,171,187.02
903,20251102,18,392,128.25
904,20251023,15,179,61.04
904,20251023,15,356,101.38
905,20251213,6,89,104.16
905,20251213,6,179,131.43
906,20251024,8,161,200.46
906,20251024,8,458,127.30
907,20251022,17,274,281.79
907,20251022,17,389,27.00
908,20251021,12,164,165.10
908,20251021,12,427,63.93
909,20251121,3,274,122.50
909,20251121,3,341,162.06
910,20251021,7,189,65.87
910,20251021,7,246,45.96
911,20251128,7,10,84.42
911,20251128,7,87,82.12
912,20251213,6,349,11.30
912,20251213,6,372,25.06
913,20251120,12,401,157.17
913,20251120,12,411,279.96
914,20251104,11,1,10.34
914,20251104,11,265,22.74
915,20251104,12,379,270.03
915,20251104,12,443,132.28
916,20251117,10,9,179.64
916,20251117,10,456,199.50
917,20251109,14,72,104.42
917,20251109,14,165,75.08
918,20251109,5,194,352.92
918,20251109,5,229,72.18
919,20251129,6,177,112.44
919,20251129,6,371,285.93
920,20251126,2,50,166.90
920,20251126,2,137,100.29
921,20251129,15,422,143.36
921,20251129,15,500,112.20
922,20251022,10,73,50.25
922,20251022,10,403,198.12
923,20251122,13,75,38.04
923,20251122,13,450,105.68
924,20251119,9,203,103.55
924,20251119,9,365,52.39
925,20251020,3,322,14.66
925,20251020,3,350,44.28
926,20251124,4,97,179.16
926,20251124,4,125,48.47
927,20251031,5,269,52.60
927,20251031,5,359,70.12
928,20251016,10,116,186.44
928,20251016,10,417,209.36
929,20251128,7,138,124.05
929,20251128,7,357,45.04
930,20251124,3,382,375.72
930,20251124,3,444,24.58
931,20251120,12,204,99.82
931,20251120,12,305,94.72
932,20251213,18,296,23.74
932,20251213,18,361,300.99
933,20251125,3,108,27.60
933,20251125,3,463,292.68
934,20251127,17,41,12.44
934,20251127,17,189,61.17
935,20251214,4,59,415.92
935,20251214,4,274,94.40
936,20251208,18,158,254.52
936,20251208,18,274,206.04
937,20251026,8,207,59.48
937,20251026,8,472,24.61
938,20251204,2,114,102.85
938,20251204,2,313,130.94
939,20251214,8,150,120.90
939,20251214,8,263,109.23
940,20251017,5,169,28.41
940,20251017,5,458,176.67
941,20251106,6,390,230.31
941,20251106,6,433,162.94
942,20251123,11,7,80.83
942,20251123,11,358,235.40
943,20251128,15,19,143.62
943,20251128,15,466,105.63
944,20251114,19,296,176.78
944,20251114,19,380,303.30
945,20251017,6,175,145.83
945,20251017,6,419,199.46
946,20251107,2,41,55.50
946,20251107,2,48,65.58
947,20251210,3,32,69.26
947,20251210,3,235,275.13
948,20251204,5,70,140.32
948,20251204,5,360,275.72
949,20251030,11,275,39.72
949,20251030,11,395,298.56
950,20251120,17,85,40.08
950,20251120,17,469,100.65
951,20251114,3,315,64.44
951,20251114,3,413,80.46
952,20251212,17,245,117.52
952,20251212,17,269,137.28
953,20251114,12,52,132.08
953,20251114,12,311,67.72
954,20251026,9,270,152.46
954,20251026,9,490,302.46
955,20251121,12,242,18.96
955,20251121,12,322,256.77
956,20251101,19,8,280.80
956,20251101,19,411,44.55
957,20251111,11,260,48.81
957,20251111,11,493,62.32
958,20251023,11,345,115.68
958,20251023,11,387,263.76
959,20251027,7,268,40.59
959,20251027,7,438,240.63
960,20251203,5,21,92.60
960,20251203,5,451,341.48
961,20251121,15,294,44.46
961,20251121,15,417,98.66
962,20251031,11,161,132.58
962,20251031,11,258,161.92
963,20251203,7,97,82.68
963,20251203,7,223,40.41
964,20251208,4,156,17.48
964,20251208,4,241,115.00
965,20251107,7,367,242.46
965,20251107,7,397,392.84
966,20251128,11,217,358.12
966,20251128,11,479,205.26
967,20251209,17,281,101.58
967,20251209,17,285,191.02
968,20251111,6,198,38.28
968,20251111,6,438,27.38
969,20251204,2,16,27.68
969,20251204,2,415,148.47
970,20251122,17,240,54.10
970,20251122,17,256,29.42
971,20251203,14,95,15.56
971,20251203,14,315,56.78
972,20251213,19,172,63.83
972,20251213,19,478,171.56
973,20251020,9,325,148.32
973,20251020,9,329,265.56
974,20251108,11,199,110.12
974,20251108,11,306,99.09
975,20251020,13,6,13.16
975,20251020,13,226,31.40
976,20251031,9,184,153.27
976,20251031,9,285,66.08
977,20251020,7,313,75.62
977,20251020,7,334,209.46
978,20251019,12,439,16.35
978,20251019,12,465,33.86
979,20251021,19,88,211.71
979,20251021,19,124,270.03
980,20251102,18,197,64.88
980,20251102,18,431,403.12
981,20251104,4,32,146.70
981,20251104,4,321,164.82
982,20251203,9,76,210.48
982,20251203,9,408,231.00
983,20251209,6,81,184.60
983,20251209,6,128,99.46
984,20251213,15,56,150.22
984,20251213,15,64,121.38
985,20251201,9,63,305.25
985,20251201,9,462,233.49
986,20251203,3,345,270.30
986,20251203,3,499,91.56
987,20251027,8,142,397.72
987,20251027,8,474,140.18
988,20251031,2,80,295.23
988,20251031,2,211,239.94
989,20251107,6,82,157.00
989,20251107,6,448,63.58
990,20251206,18,201,112.40
990,20251206,18,250,160.66
991,20251021,6,186,304.26
991,20251021,6,219,10.69
992,20251102,7,85,41.82
992,20251102,7,189,84.88
993,20251124,20,219,100.22
993,20251124,20,261,93.00
994,20251213,1,25,39.02
994,20251213,1,108,32.58
995,20251022,4,441,207.06
995,20251022,4,458,132.94
996,20251019,11,57,193.46
996,20251019,11,78,137.84
997,20251123,17,59,48.92
997,20251123,17,158,191.88
998,20251022,19,56,17.27
998,20251022,19,322,157.88
999,20251209,8,47,291.78
999,20251209,8,337,138.02
1000,20251207,12,188,117.98
1000,20251207,12,365,28.51
1001,20251126,16,163,51.68
1001,20251126,16,272,87.16
1002,20251023,6,134,75.52
1002,20251023,6,239,102.57
1003,20251018,13,102,40.86
1003,20251018,13,391,178.36
1004,20251214,6,421,52.72
1004,20251214,6,480,37.79
1005,20251028,6,183,55.11
1005,20251028,6,293,11.96
1006,20251029,6,16,128.46
1006,20251029,6,328,10.88
1007,20251128,12,181,40.08
1007,20251128,12,188,304.71
1008,20251209,16,43,72.26
1008,20251209,16,459,111.50
1009,20251023,12,62,204.60
1009,20251023,12,185,39.15
1010,20251121,12,19,88.23
1010,20251121,12,385,220.36
1011,20251110,13,42,132.63
1011,20251110,13,179,271.44
1012,20251128,14,225,85.08
1012,20251128,14,273,25.05
1013,20251113,10,211,15.62
1013,20251113,10,231,188.84
1014,20251127,18,244,128.96
1014,20251127,18,275,256.08
1015,20251110,20,72,264.48
1015,20251110,20,99,91.80
1016,20251118,2,145,18.26
1016,20251118,2,469,99.72
1017,20251212,16,143,198.70
1017,20251212,16,182,20.74
1018,20251209,15,18,92.82
1018,20251209,15,319,102.58
1019,20251207,20,153,58.40
1019,20251207,20,302,18.27
1020,20251214,3,228,165.70
1020,20251214,3,387,129.12
1021,20251030,4,151,55.03
1021,20251030,4,310,137.13
1022,20251204,1,201,274.95
1022,20251204,1,281,21.41
1023,20251027,16,279,170.44
1023,20251027,16,492,216.54
1024,20251113,19,223,160.08
1024,20251113,19,282,230.08
1025,20251026,19,8,251.01
1025,20251026,19,411,157.84
1026,20251113,4,21,14.36
1026,20251113,4,450,32.44
1027,20251206,16,253,17.10
1027,20251206,16,475,98.02
1028,20251121,6,97,417.76
1028,20251121,6,253,40.74
1029,20251105,3,95,89.31
1029,20251105,3,377,34.00
1030,20251108,8,341,48.98
1030,20251108,8,388,203.86
1031,20251102,18,265,225.06
1031,20251102,18,364,112.98
1032,20251126,14,49,62.79
1032,20251126,14,482,99.38
1033,20251103,3,71,189.86
1033,20251103,3,224,97.86
1034,20251017,8,72,202.80
1034,20251017,8,214,103.60
1035,20251204,17,306,158.16
1035,20251204,17,457,169.52
1036,20251208,11,44,164.55
1036,20251208,11,183,157.64
1037,20251018,14,45,12.70
1037,20251018,14,76,65.72
1038,20251206,7,169,98.36
1038,20251206,7,280,196.36
1039,20251205,3,155,81.34
1039,20251205,3,490,219.99
1040,20251114,5,96,150.00
1040,20251114,5,408,323.84
1041,20251024,15,182,162.80
1041,20251024,15,404,345.48
1042,20251126,7,212,202.90
1042,20251126,7,456,204.81
1043,20251029,6,48,175.24
1043,20251029,6,194,66.50
1044,20251121,4,216,97.29
1044,20251121,4,348,84.22
1045,20251203,6,131,311.67
1045,20251203,6,211,187.34
1046,20251114,11,105,58.07
1046,20251114,11,144,34.44
1047,20251101,12,114,129.66
1047,20251101,12,161,125.56
1048,20251020,4,77,161.70
1048,20251020,4,203,366.60
1049,20251118,11,271,66.66
1049,20251118,11,277,90.61
1050,20251116,16,320,153.60
1050,20251116,16,351,201.04
1051,20251129,7,236,23.88
1051,20251129,7,379,6.97
1052,20251121,1,43,77.15
1052,20251121,1,306,178.02
1053,20251112,2,256,247.62
1053,20251112,2,287,99.28
1054,20251126,13,142,85.80
1054,20251126,13,144,152.82
1055,20251215,5,457,77.56
1055,20251215,5,468,32.17
1056,20251023,2,72,54.56
1056,20251023,2,203,96.90
1057,20251124,17,84,24.75
1057,20251124,17,209,95.46
1058,20251026,8,327,183.58
1058,20251026,8,348,104.70
1059,20251103,16,309,207.38
1059,20251103,16,477,189.87
1060,20251031,11,9,216.36
1060,20251031,11,425,77.78
1061,20251019,2,24,97.56
1061,20251019,2,402,87.24
1062,20251101,15,321,32.58
1062,20251101,15,416,80.19
1063,20251027,4,79,47.76
1063,20251027,4,214,210.00
1064,20251026,7,305,56.10
1064,20251026,7,380,252.06
1065,20251106,12,198,137.10
1065,20251106,12,210,184.14
1066,20251215,17,130,26.75
1066,20251215,17,140,18.12
1067,20251202,13,381,42.83
1067,20251202,13,433,17.00
1068,20251215,16,306,18.72
1068,20251215,16,482,49.11
1069,20251208,14,163,293.34
1069,20251208,14,393,23.88
1070,20251206,1,185,8.42
1070,20251206,1,197,127.46
1071,20251102,10,26,52.47
1071,20251102,10,198,242.28
1072,20251114,2,115,65.58
1072,20251114,2,247,24.62
1073,20251113,16,53,352.76
1073,20251113,16,247,302.52
1074,20251211,16,193,245.97
1074,20251211,16,197,200.10
1075,20251129,7,92,65.48
1075,20251129,7,441,153.66
1076,20251209,10,250,224.16
1076,20251209,10,486,232.89
1077,20251114,14,58,46.94
1077,20251114,14,193,253.44
1078,20251023,5,269,178.92
1078,20251023,5,432,87.75
1079,20251030,12,270,182.34
1079,20251030,12,459,165.24
1080,20251213,1,286,159.10
1080,20251213,1,431,19.02
1081,20251125,11,178,177.66
1081,20251125,11,431,163.23
1082,20251104,10,115,48.20
1082,20251104,10,258,57.11
1083,20251109,14,96,54.96
1083,20251109,14,111,292.20
1084,20251208,14,51,38.97
1084,20251208,14,87,177.62
1085,20251129,16,40,266.79
1085,20251129,16,194,122.98
1086,20251201,4,175,381.96
1086,20251201,4,489,204.38
1087,20251022,16,150,301.98
1087,20251022,16,305,314.79
1088,20251115,17,139,76.60
1088,20251115,17,189,174.48
1089,20251204,12,76,40.14
1089,20251204,12,257,204.02
1090,20251116,8,416,354.84
1090,20251116,8,496,75.44
1091,20251119,2,128,133.50
1091,20251119,2,185,192.92
1092,20251126,12,359,71.67
1092,20251126,12,421,174.03
1093,20251031,19,11,95.54
1093,20251031,19,463,106.22
1094,20251114,12,110,409.72
1094,20251114,12,262,180.56
1095,20251206,18,166,143.88
1095,20251206,18,307,77.88
1096,20251021,9,46,32.06
1096,20251021,9,340,217.38
1097,20251104,10,99,41.88
1097,20251104,10,362,24.54
1098,20251206,2,304,292.53
1098,20251206,2,404,26.10
1099,20251031,7,146,115.50
1099,20251031,7,350,32.62
1100,20251126,8,150,23.21
1100,20251126,8,351,93.85
1101,20251021,5,81,287.82
1101,20251021,5,331,90.52
1102,20251106,15,196,121.74
1102,20251106,15,278,75.27
1103,20251023,14,187,155.91
1103,20251023,14,417,92.32
1104,20251201,6,201,30.03
1104,20251201,6,443,43.29
1105,20251117,10,99,97.28
1105,20251117,10,162,15.28
1106,20251031,11,220,312.87
1106,20251031,11,375,289.47
1107,20251109,2,14,35.09
1107,20251109,2,301,57.10
1108,20251129,11,84,314.40
1108,20251129,11,412,99.21
1109,20251023,5,166,151.72
1109,20251023,5,191,32.60
1110,20251206,19,134,82.72
1110,20251206,19,486,154.52
1111,20251115,13,225,81.07
1111,20251115,13,333,153.44
1112,20251030,11,299,48.66
1112,20251030,11,350,255.12
1113,20251119,7,339,117.15
1113,20251119,7,469,50.00
1114,20251209,4,215,205.47
1114,20251209,4,481,41.13
1115,20251215,3,138,176.72
1115,20251215,3,409,386.44
1116,20251120,5,80,169.68
1116,20251120,5,90,162.60
1117,20251118,13,282,185.78
1117,20251118,13,461,68.12
1118,20251116,10,195,278.36
1118,20251116,10,391,180.02
1119,20251207,4,133,238.32
1119,20251207,4,164,267.57
1120,20251210,17,288,197.76
1120,20251210,17,413,279.92
1121,20251019,8,62,30.24
1121,20251019,8,367,314.44
1122,20251102,9,255,120.54
1122,20251102,9,498,81.58
1123,20251118,11,249,206.64
1123,20251118,11,436,282.57
1124,20251203,8,138,151.16
1124,20251203,8,230,208.58
1125,20251020,13,227,91.21
1125,20251020,13,434,93.06
1126,20251204,11,131,203.70
1126,20251204,11,403,131.04
1127,20251214,16,74,148.90
1127,20251214,16,449,137.90
1128,20251111,8,43,200.34
1128,20251111,8,131,200.00
1129,20251027,15,293,309.12
1129,20251027,15,350,21.02
1130,20251209,17,2,27.56
1130,20251209,17,381,185.04
1131,20251114,13,248,95.03
1131,20251114,13,371,183.56
1132,20251027,1,108,19.99
1132,20251027,1,395,157.44
1133,20251029,19,118,65.16
1133,20251029,19,277,251.72
1134,20251027,7,211,74.16
1134,20251027,7,327,162.81
1135,20251203,7,181,164.56
1135,20251203,7,265,86.52
1136,20251030,14,24,195.48
1136,20251030,14,271,37.20
1137,20251117,17,3,95.94
1137,20251117,17,421,141.46
1138,20251202,6,118,197.86
1138,20251202,6,419,82.14
1139,20251114,5,104,89.95
1139,20251114,5,178,44.61
1140,20251117,9,126,131.34
1140,20251117,9,442,48.72
1141,20251201,7,254,128.32
1141,20251201,7,290,98.44
1142,20251018,6,365,402.00
1142,20251018,6,498,154.82
1143,20251122,4,299,210.33
1143,20251122,4,390,66.19
1144,20251210,14,84,245.80
1144,20251210,14,499,157.02
1145,20251102,12,12,80.62
1145,20251102,12,70,74.85
1146,20251028,17,282,163.98
1146,20251028,17,497,61.40
1147,20251115,14,214,77.64
1147,20251115,14,264,267.24
1148,20251019,8,278,251.58
1148,20251019,8,493,185.72
1149,20251122,7,396,153.66
1149,20251122,7,420,245.61
1150,20251203,19,335,16.02
1150,20251203,19,425,121.30
1151,20251026,20,146,47.20
1151,20251026,20,349,60.09
1152,20251025,2,114,174.80
1152,20251025,2,491,46.64
1153,20251128,18,4,259.88
1153,20251128,18,270,109.74
1154,20251103,16,119,36.86
1154,20251103,16,285,236.08
1155,20251129,17,71,95.12
1155,20251129,17,460,389.48
1156,20251023,14,153,158.64
1156,20251023,14,198,67.48
1157,20251027,13,36,97.66
1157,20251027,13,472,44.98
1158,20251106,9,12,38.42
1158,20251106,9,95,73.47
1159,20251023,13,271,94.54
1159,20251023,13,274,232.68
1160,20251122,2,12,180.30
1160,20251122,2,188,170.32
1161,20251126,6,268,104.76
1161,20251126,6,331,95.14
1162,20251206,17,165,181.54
1162,20251206,17,437,101.24
1163,20251202,4,147,148.94
1163,20251202,4,350,391.32
1164,20251212,5,430,149.06
1164,20251212,5,479,63.06
1165,20251118,11,206,102.70
1165,20251118,11,405,15.63
1166,20251124,9,57,86.16
1166,20251124,9,441,118.26
1167,20251205,11,216,81.12
1167,20251205,11,442,148.36
1168,20251119,12,316,167.13
1168,20251119,12,472,201.34
1169,20251020,18,222,35.70
1169,20251020,18,394,96.87
1170,20251108,10,14,85.47
1170,20251108,10,464,308.40
1171,20251128,10,188,65.34
1171,20251128,10,447,39.21
1172,20251201,2,362,281.97
1172,20251201,2,461,371.12
1173,20251021,5,308,250.59
1173,20251021,5,468,20.68
1174,20251114,3,59,9.44
1174,20251114,3,318,154.68
1175,20251026,14,249,342.80
1175,20251026,14,443,75.60
1176,20251205,3,13,76.81
1176,20251205,3,206,124.48
1177,20251025,8,56,175.10
1177,20251025,8,255,307.95
1178,20251104,1,144,75.80
1178,20251104,1,149,183.56
1179,20251016,9,65,56.25
1179,20251016,9,386,270.21
1180,20251207,3,71,191.94
1180,20251207,3,198,268.12
1181,20251206,6,13,11.04
1181,20251206,6,399,262.80
1182,20251119,17,127,63.65
1182,20251119,17,297,43.29
1183,20251030,8,212,350.20
1183,20251030,8,286,155.44
1184,20251112,4,291,174.28
1184,20251112,4,350,157.00
1185,20251027,3,214,75.36
1185,20251027,3,301,15.24
1186,20251017,5,59,77.86
1186,20251017,5,254,132.32
1187,20251124,11,17,227.76
1187,20251124,11,290,114.48
1188,20251103,20,231,307.44
1188,20251103,20,271,103.83
1189,20251119,3,42,166.86
1189,20251119,3,304,42.07
1190,20251020,17,449,198.88
1190,20251020,17,486,25.62
1191,20251113,11,245,400.88
1191,20251113,11,483,299.43
1192,20251113,19,181,71.19
1192,20251113,19,398,274.62
1193,20251018,15,37,89.43
1193,20251018,15,223,171.40
1194,20251115,9,114,176.50
1194,20251115,9,264,182.32
1195,20251119,8,134,45.16
1195,20251119,8,339,104.04
1196,20251028,19,143,96.31
1196,20251028,19,147,379.52
1197,20251027,16,51,170.01
1197,20251027,16,286,195.44
1198,20251112,3,84,79.04
1198,20251112,3,269,98.88
1199,20251023,8,115,41.90
1199,20251023,8,371,44.85
1200,20251027,20,191,94.52
1200,20251027,20,387,279.66
1201,20251030,17,273,37.02
1201,20251030,17,450,82.78
1202,20251202,1,60,143.78
1202,20251202,1,92,164.28
1203,20251125,10,218,175.66
1203,20251125,10,247,188.58
1204,20251128,15,141,58.89
1204,20251128,15,485,72.00
1205,20251116,10,21,39.53
1205,20251116,10,467,165.24
1206,20251110,16,163,199.20
1206,20251110,16,444,31.96
1207,20251030,9,180,27.78
1207,20251030,9,455,80.49
1208,20251124,3,461,13.68
1208,20251124,3,483,84.51
1209,20251026,2,124,21.30
1209,20251026,2,351,99.80
1210,20251126,1,68,28.28
1210,20251126,1,204,61.74
1211,20251211,4,199,123.22
1211,20251211,4,477,34.07
1212,20251106,19,57,235.36
1212,20251106,19,379,163.05
1213,20251212,7,99,59.57
1213,20251212,7,287,238.29
1214,20251130,15,45,202.98
1214,20251130,15,231,279.27
1215,20251030,17,317,55.96
1215,20251030,17,464,78.56
1216,20251017,14,92,84.54
1216,20251017,14,436,289.08
1217,20251207,12,335,174.80
1217,20251207,12,405,196.80
1218,20251115,19,139,148.34
1218,20251115,19,422,147.46
1219,20251114,1,275,136.68
1219,20251114,1,486,17.08
1220,20251209,14,194,67.87
1220,20251209,14,368,73.64
1221,20251017,5,248,114.09
1221,20251017,5,254,375.68
1222,20251025,16,55,101.40
1222,20251025,16,136,77.67
1223,20251030,2,172,214.89
1223,20251030,2,364,120.36
1224,20251117,15,18,107.90
1224,20251117,15,328,126.45
1225,20251127,8,149,11.66
1225,20251127,8,207,50.94
1226,20251206,5,391,103.76
1226,20251206,5,468,218.28
1227,20251106,20,215,243.78
1227,20251106,20,445,103.02
1228,20251024,16,233,236.82
1228,20251024,16,360,11.25
1229,20251201,12,222,235.86
1229,20251201,12,318,91.10
1230,20251106,9,64,191.82
1230,20251106,9,113,142.98
1231,20251130,12,168,30.64
1231,20251130,12,287,70.54
1232,20251119,2,321,101.10
1232,20251119,2,455,135.68
1233,20251114,18,228,170.82
1233,20251114,18,464,122.92
1234,20251111,4,127,107.30
1234,20251111,4,131,89.06
1235,20251213,8,299,96.46
1235,20251213,8,480,64.44
1236,20251027,19,174,50.14
1236,20251027,19,441,131.10
1237,20251030,15,121,9.03
1237,20251030,15,250,91.12
1238,20251025,11,26,366.04
1238,20251025,11,74,264.36
1239,20251210,16,116,26.44
1239,20251210,16,400,95.43
1240,20251031,2,50,103.92
1240,20251031,2,430,124.74
1241,20251019,6,46,58.49
1241,20251019,6,284,84.76
1242,20251203,16,119,118.62
1242,20251203,16,291,96.37
1243,20251204,17,34,123.24
1243,20251204,17,193,126.00
1244,20251118,13,355,59.22
1244,20251118,13,361,57.52
1245,20251205,12,167,348.00
1245,20251205,12,438,15.96
1246,20251107,14,102,89.34
1246,20251107,14,257,108.96
1247,20251215,10,198,55.74
1247,20251215,10,360,21.66
1248,20251101,20,79,195.60
1248,20251101,20,346,288.27
1249,20251208,9,152,13.45
1249,20251208,9,440,175.48
1250,20251214,16,129,67.30
1250,20251214,16,484,282.90
1251,20251113,9,9,13.48
1251,20251113,9,85,223.59
1252,20251203,8,320,120.36
1252,20251203,8,373,86.07
1253,20251210,4,61,38.72
1253,20251210,4,82,195.52
1254,20251109,2,12,188.19
1254,20251109,2,184,90.27
1255,20251029,16,275,308.31
1255,20251029,16,308,137.38
1256,20251214,11,98,224.82
1256,20251214,11,472,207.54
1257,20251101,12,26,114.68
1257,20251101,12,191,23.89
1258,20251019,12,123,96.33
1258,20251019,12,293,36.77
1259,20251025,7,181,82.86
1259,20251025,7,476,273.03
1260,20251117,17,158,75.11
1260,20251117,17,360,73.50
1261,20251106,17,137,379.28
1261,20251106,17,234,166.46
1262,20251021,9,130,163.26
1262,20251021,9,466,96.91
1263,20251118,16,81,284.43
1263,20251118,16,179,112.44
1264,20251205,17,20,137.28
1264,20251205,17,182,65.12
1265,20251103,7,113,59.76
1265,20251103,7,268,217.83
1266,20251026,5,53,82.00
1266,20251026,5,238,108.74
1267,20251101,16,39,220.08
1267,20251101,16,235,223.08
1268,20251211,7,124,111.00
1268,20251211,7,254,209.67
1269,20251130,3,172,293.31
1269,20251130,3,217,275.88
1270,20251116,1,132,280.50
1270,20251116,1,478,53.58
1271,20251022,15,5,34.66
1271,20251022,15,236,31.92
1272,20251021,11,298,42.78
1272,20251021,11,376,71.70
1273,20251117,14,207,103.62
1273,20251117,14,454,43.26
1274,20251105,18,473,179.92
1274,20251105,18,494,190.44
1275,20251201,5,49,46.77
1275,20251201,5,415,160.65
1276,20251106,10,96,49.26
1276,20251106,10,475,92.07
1277,20251023,7,218,234.12
1277,20251023,7,307,10.32
1278,20251018,3,53,185.48
1278,20251018,3,68,65.10
1279,20251109,16,88,107.46
1279,20251109,16,471,146.86
1280,20251119,10,54,103.53
1280,20251119,10,497,259.86
1281,20251202,8,255,163.86
1281,20251202,8,444,90.60
1282,20251029,11,170,169.96
1282,20251029,11,380,11.58
1283,20251101,19,120,251.88
1283,20251101,19,135,62.40
1284,20251110,15,122,140.78
1284,20251110,15,452,296.04
1285,20251213,12,302,114.88
1285,20251213,12,304,163.90
1286,20251027,17,142,128.72
1286,20251027,17,299,167.34
1287,20251201,4,16,55.50
1287,20251201,4,31,171.96
1288,20251203,20,212,35.74
1288,20251203,20,245,56.44
1289,20251115,10,24,308.72
1289,20251115,10,43,126.50
1290,20251215,16,251,188.46
1290,20251215,16,411,22.32
1291,20251207,2,320,238.86
1291,20251207,2,373,15.50
1292,20251202,4,125,145.76
1292,20251202,4,255,30.96
1293,20251128,10,150,293.61
1293,20251128,10,202,201.34
1294,20251026,16,33,131.31
1294,20251026,16,64,99.84
1295,20251116,14,51,138.74
1295,20251116,14,230,242.92
1296,20251108,15,148,61.27
1296,20251108,15,334,318.36
1297,20251128,11,194,204.84
1297,20251128,11,232,96.06
1298,20251018,10,107,53.45
1298,20251018,10,225,208.06
1299,20251127,5,188,85.78
1299,20251127,5,464,217.92
1300,20251205,16,174,106.10
1300,20251205,16,380,135.66
1301,20251208,11,88,131.70
1301,20251208,11,274,53.90
1302,20251125,5,226,92.91
1302,20251125,5,466,155.46
1303,20251208,3,129,227.97
1303,20251208,3,308,51.96
1304,20251126,11,120,79.16
1304,20251126,11,259,199.05
1305,20251214,1,147,124.26
1305,20251214,1,294,75.52
1306,20251213,9,367,78.30
1306,20251213,9,368,149.49
1307,20251114,8,104,122.72
1307,20251114,8,485,155.68
1308,20251021,15,193,89.02
1308,20251021,15,217,25.08
1309,20251123,5,91,38.96
1309,20251123,5,93,62.80
1310,20251106,3,27,179.08
1310,20251106,3,258,273.04
1311,20251029,16,275,30.96
1311,20251029,16,428,97.35
1312,20251104,10,59,194.74
1312,20251104,10,197,30.96
1313,20251027,13,150,170.91
1313,20251027,13,471,67.60
1314,20251209,12,53,243.21
1314,20251209,12,468,220.05
1315,20251123,6,307,96.92
1315,20251123,6,342,29.14
1316,20251203,10,89,169.35
1316,20251203,10,423,76.98
1317,20251128,11,326,82.49
1317,20251128,11,478,134.82
1318,20251106,19,101,27.72
1318,20251106,19,286,192.04
1319,20251202,9,340,39.68
1319,20251202,9,489,309.69
1320,20251202,3,19,85.46
1320,20251202,3,261,86.86
1321,20251130,8,290,65.68
1321,20251130,8,369,125.04
1322,20251019,9,35,18.69
1322,20251019,9,345,42.57
1323,20251022,12,43,126.72
1323,20251022,12,478,205.64
1324,20251104,3,166,42.78
1324,20251104,3,400,189.56
1325,20251127,10,290,236.01
1325,20251127,10,421,29.28
1326,20251028,15,423,271.83
1326,20251028,15,453,218.25
1327,20251214,11,127,136.48
1327,20251214,11,397,81.75
1328,20251206,1,264,82.90
1328,20251206,1,466,64.08
1329,20251025,5,195,111.26
1329,20251025,5,389,142.32
1330,20251206,19,204,149.92
1330,20251206,19,425,131.52
1331,20251112,19,186,96.59
1331,20251112,19,413,188.88
1332,20251206,10,102,282.48
1332,20251206,10,112,134.08
1333,20251211,6,82,135.75
1333,20251211,6,351,169.56
1334,20251113,12,300,73.41
1334,20251113,12,401,66.69
1335,20251105,6,5,103.59
1335,20251105,6,276,219.96
1336,20251208,18,98,407.56
1336,20251208,18,298,161.12
1337,20251026,6,271,80.95
1337,20251026,6,431,142.20
1338,20251102,12,78,203.72
1338,20251102,12,142,152.88
1339,20251026,16,164,406.60
1339,20251026,16,205,16.32
1340,20251117,7,397,88.83
1340,20251117,7,463,250.88
1341,20251126,7,85,73.41
1341,20251126,7,143,207.14
1342,20251215,4,139,46.16
1342,20251215,4,296,187.98
1343,20251120,19,138,384.08
1343,20251120,19,415,71.52
1344,20251027,4,401,79.93
1344,20251027,4,492,78.18
1345,20251120,19,134,298.68
1345,20251120,19,253,75.29
1346,20251120,10,215,203.38
1346,20251120,10,231,98.25
1347,20251023,20,119,200.37
1347,20251023,20,300,308.46
1348,20251127,10,106,125.46
1348,20251127,10,111,72.26
1349,20251105,19,426,17.68
1349,20251105,19,475,355.24
1350,20251018,2,60,152.25
1350,20251018,2,238,93.65
1351,20251123,17,269,24.30
1351,20251123,17,399,85.56
1352,20251028,10,146,105.90
1352,20251028,10,490,115.83
1353,20251024,4,58,177.66
1353,20251024,4,323,261.30
1354,20251110,12,75,276.28
1354,20251110,12,79,195.30
1355,20251120,5,294,380.92
1355,20251120,5,381,56.13
1356,20251106,14,161,41.18
1356,20251106,14,391,46.06
1357,20251105,19,69,151.89
1357,20251105,19,231,56.18
1358,20251113,19,104,294.30
1358,20251113,19,261,75.00
1359,20251207,2,115,121.80
1359,20251207,2,479,47.58
1360,20251107,10,97,91.08
1360,20251107,10,478,168.12
1361,20251105,9,118,95.12
1361,20251105,9,489,83.52
1362,20251125,7,242,64.38
1362,20251125,7,405,289.26
1363,20251110,7,69,100.36
1363,20251110,7,299,162.84
1364,20251030,8,210,209.66
1364,20251030,8,386,197.08
1365,20251110,14,348,53.08
1365,20251110,14,475,16.68
1366,20251123,4,105,167.08
1366,20251123,4,478,301.02
1367,20251124,1,67,216.30
1367,20251124,1,348,204.66
1368,20251106,5,90,89.00
1368,20251106,5,287,241.32
1369,20251020,19,35,209.12
1369,20251020,19,332,49.42
1370,20251206,9,78,52.59
1370,20251206,9,482,42.27
1371,20251113,2,322,91.80
1371,20251113,2,411,44.77
1372,20251129,7,163,108.60
1372,20251129,7,280,106.96
1373,20251028,20,268,79.48
1373,20251028,20,357,25.30
1374,20251031,2,65,120.94
1374,20251031,2,86,191.20
1375,20251117,9,4,166.56
1375,20251117,9,347,32.26
1376,20251126,5,115,217.47
1376,20251126,5,455,34.92
1377,20251124,12,340,32.96
1377,20251124,12,455,271.20
1378,20251104,16,182,84.02
1378,20251104,16,481,95.82
1379,20251025,17,424,139.38
1379,20251025,17,465,301.59
1380,20251126,14,387,142.50
1380,20251126,14,442,190.02
1381,20251112,4,48,207.21
1381,20251112,4,458,57.24
1382,20251029,13,392,220.38
1382,20251029,13,439,146.25
1383,20251021,12,154,31.76
1383,20251021,12,321,140.19
1384,20251124,14,28,7.46
1384,20251124,14,321,140.62
1385,20251123,16,326,248.40
1385,20251123,16,405,340.48
1386,20251025,13,364,274.32
1386,20251025,13,395,201.09
1387,20251030,13,61,52.40
1387,20251030,13,85,266.88
1388,20251126,10,411,14.26
1388,20251126,10,491,193.98
1389,20251106,7,69,26.97
1389,20251106,7,205,357.04
1390,20251027,3,256,237.03
1390,20251027,3,381,240.51
1391,20251209,12,278,198.04
1391,20251209,12,373,164.25
1392,20251017,2,411,55.50
1392,20251017,2,494,9.13
1393,20251028,20,35,206.72
1393,20251028,20,89,182.94
1394,20251114,15,16,109.28
1394,20251114,15,248,146.25
1395,20251121,17,368,36.52
1395,20251121,17,393,171.80
1396,20251016,5,139,384.36
1396,20251016,5,330,174.68
1397,20251122,7,118,95.04
1397,20251122,7,295,293.61
1398,20251206,10,45,230.04
1398,20251206,10,377,191.04
1399,20251116,19,136,286.72
1399,20251116,19,305,139.42
1400,20251119,17,344,37.78
1400,20251119,17,405,68.50
1401,20251018,2,94,314.31
1401,20251018,2,438,334.08
1402,20251030,13,22,174.66
1402,20251030,13,247,314.12
1403,20251019,11,8,182.98
1403,20251019,11,151,300.75
1404,20251203,19,160,171.38
1404,20251203,19,401,177.06
1405,20251125,20,11,100.68
1405,20251125,20,84,333.24
1406,20251212,14,307,290.19
1406,20251212,14,436,114.62
1407,20251030,5,260,157.24
1407,20251030,5,421,126.90
1408,20251215,5,167,91.96
1408,20251215,5,238,184.35
1409,20251111,4,48,416.32
1409,20251111,4,354,127.48
1410,20251204,16,215,269.79
1410,20251204,16,356,108.39
1411,20251127,8,31,123.56
1411,20251127,8,486,103.79
1412,20251020,15,393,120.84
1412,20251020,15,489,189.75
1413,20251205,6,11,57.72
1413,20251205,6,32,17.06
1414,20251212,4,30,156.96
1414,20251212,4,34,116.92
1415,20251112,3,115,8.47
1415,20251112,3,273,43.02
1416,20251120,3,1,170.07
1416,20251120,3,276,70.36
1417,20251018,1,49,204.18
1417,20251018,1,420,76.02
1418,20251101,15,61,30.96
1418,20251101,15,86,24.46
1419,20251123,15,16,172.92
1419,20251123,15,345,80.50
1420,20251119,19,55,272.61
1420,20251119,19,359,102.54
1421,20251026,12,88,64.62
1421,20251026,12,218,109.92
1422,20251107,12,74,28.95
1422,20251107,12,270,22.26
1423,20251205,15,221,20.40
1423,20251205,15,387,295.05
1424,20251026,6,7,69.00
1424,20251026,6,397,134.16
1425,20251029,19,74,28.51
1425,20251029,19,89,71.22
1426,20251208,3,401,71.10
1426,20251208,3,458,112.71
1427,20251018,3,57,11.24
1427,20251018,3,154,194.90
1428,20251212,12,150,251.28
1428,20251212,12,465,60.51
1429,20251110,10,1,95.24
1429,20251110,10,389,87.88
1430,20251212,19,255,401.60
1430,20251212,19,429,121.74
1431,20251116,12,68,82.36
1431,20251116,12,380,27.16
1432,20251106,11,105,136.26
1432,20251106,11,318,121.92
1433,20251207,20,127,192.42
1433,20251207,20,184,57.60
1434,20251210,18,58,172.98
1434,20251210,18,366,109.46
1435,20251107,9,70,66.66
1435,20251107,9,255,120.12
1436,20251022,17,392,80.22
1436,20251022,17,490,59.43
1437,20251211,16,126,173.64
1437,20251211,16,299,153.92
1438,20251207,8,27,289.53
1438,20251207,8,139,183.20
1439,20251201,18,78,23.25
1439,20251201,18,104,100.05
1440,20251101,3,268,7.17
1440,20251101,3,368,76.11
1441,20251122,5,131,116.67
1441,20251122,5,194,76.73
1442,20251108,17,227,35.00
1442,20251108,17,484,51.92
1443,20251026,13,50,200.26
1443,20251026,13,134,101.32
1444,20251113,19,15,192.42
1444,20251113,19,169,174.36
1445,20251208,16,246,313.64
1445,20251208,16,339,85.05
1446,20251207,5,13,215.36
1446,20251207,5,361,48.54
1447,20251108,6,145,111.02
1447,20251108,6,311,279.12
1448,20251023,17,55,91.17
1448,20251023,17,292,260.97
1449,20251122,12,211,104.68
1449,20251122,12,254,163.16
1450,20251214,9,166,78.33
1450,20251214,9,279,196.76
1451,20251030,10,226,169.82
1451,20251030,10,327,175.20
1452,20251117,17,113,173.16
1452,20251117,17,161,169.65
1453,20251124,15,70,26.52
1453,20251124,15,336,61.77
1454,20251027,14,142,171.92
1454,20251027,14,201,100.60
1455,20251128,18,16,208.76
1455,20251128,18,239,17.43
1456,20251019,16,462,119.76
1456,20251019,16,466,190.68
1457,20251107,18,221,289.77
1457,20251107,18,500,203.60
1458,20251123,14,89,239.40
1458,20251123,14,115,227.13
1459,20251111,11,44,72.18
1459,20251111,11,244,166.77
1460,20251215,19,394,83.12
1460,20251215,19,420,165.78
1461,20251103,10,286,32.79
1461,20251103,10,358,318.84
1462,20251104,9,188,57.48
1462,20251104,9,427,287.25
1463,20251021,18,25,158.86
1463,20251021,18,269,175.26
1464,20251113,2,65,54.76
1464,20251113,2,393,281.36
1465,20251204,17,138,26.76
1465,20251204,17,313,208.74
1466,20251021,16,22,187.18
1466,20251021,16,476,160.80
1467,20251024,8,52,225.92
1467,20251024,8,65,137.34
1468,20251020,4,56,298.86
1468,20251020,4,430,247.14
1469,20251130,18,84,21.69
1469,20251130,18,96,90.38
1470,20251028,5,386,162.06
1470,20251028,5,475,99.01
1471,20251201,2,83,218.92
1471,20251201,2,356,267.60
1472,20251201,2,199,197.18
1472,20251201,2,465,152.68
1473,20251020,3,25,83.46
1473,20251020,3,94,65.46
1474,20251130,15,34,12.66
1474,20251130,15,456,222.60
1475,20251031,15,142,264.81
1475,20251031,15,382,178.35
1476,20251116,16,64,256.24
1476,20251116,16,402,66.54
1477,20251129,12,23,116.74
1477,20251129,12,40,48.64
1478,20251201,12,257,61.68
1478,20251201,12,313,67.26
1479,20251022,5,136,296.08
1479,20251022,5,398,73.20
1480,20251128,16,196,119.58
1480,20251128,16,317,203.48
1481,20251023,9,68,6.45
1481,20251023,9,498,135.72
1482,20251102,14,329,188.30
1482,20251102,14,410,135.81
1483,20251207,18,326,190.74
1483,20251207,18,431,47.43
1484,20251201,20,161,101.98
1484,20251201,20,397,19.71
1485,20251115,11,172,165.81
1485,20251115,11,252,78.92
1486,20251109,17,29,120.86
1486,20251109,17,443,250.38
1487,20251202,8,213,87.65
1487,20251202,8,429,194.34
1488,20251210,17,38,300.57
1488,20251210,17,335,65.68
1489,20251030,5,67,141.16
1489,20251030,5,226,269.79
1490,20251021,14,205,192.76
1490,20251021,14,220,52.02
1491,20251111,12,273,102.68
1491,20251111,12,448,102.23
1492,20251210,3,15,67.45
1492,20251210,3,138,392.04
1493,20251102,9,6,280.20
1493,20251102,9,54,155.98
1494,20251021,15,265,267.36
1494,20251021,15,347,107.70
1495,20251109,13,186,29.18
1495,20251109,13,221,53.07
1496,20251025,9,40,172.44
1496,20251025,9,494,51.96
1497,20251126,15,218,52.43
1497,20251126,15,390,305.97
1498,20251116,17,8,189.74
1498,20251116,17,399,35.28
1499,20251203,15,56,120.86
1499,20251203,15,342,37.12
1500,20251023,12,43,164.22
1500,20251023,12,245,252.12
1501,20251204,2,195,205.12
1501,20251204,2,271,288.20
1502,20251101,13,356,34.48
1502,20251101,13,482,126.66
1503,20251119,3,51,133.52
1503,20251119,3,273,139.78
1504,20251202,8,38,14.55
1504,20251202,8,449,239.40
1505,20251127,9,194,44.47
1505,20251127,9,396,37.68
1506,20251112,6,48,126.44
1506,20251112,6,186,277.84
1507,20251108,19,196,214.11
1507,20251108,19,449,203.85
1508,20251206,10,310,219.04
1508,20251206,10,332,176.46
1509,20251214,7,10,169.00
1509,20251214,7,489,102.60
1510,20251111,9,15,185.52
1510,20251111,9,21,97.63
1511,20251203,8,94,408.72
1511,20251203,8,402,177.81
1512,20251026,10,145,106.23
1512,20251026,10,226,76.88
1513,20251110,17,275,97.92
1513,20251110,17,380,78.22
1514,20251214,17,150,126.81
1514,20251214,17,328,139.92
1515,20251209,3,62,262.47
1515,20251209,3,388,178.32
1516,20251122,6,102,197.10
1516,20251122,6,398,26.94
1517,20251124,11,269,45.26
1517,20251124,11,488,224.04
1518,20251120,4,134,231.39
1518,20251120,4,470,187.84
1519,20251021,6,180,136.98
1519,20251021,6,250,195.08
1520,20251207,19,5,228.92
1520,20251207,19,127,78.56
1521,20251122,10,195,33.24
1521,20251122,10,425,24.58
1522,20251127,20,110,84.24
1522,20251127,20,164,292.41
1523,20251023,17,55,140.72
1523,20251023,17,191,69.68
1524,20251109,7,182,77.12
1524,20251109,7,380,69.52
1525,20251122,19,208,178.05
1525,20251122,19,368,150.54
1526,20251104,8,436,61.86
1526,20251104,8,440,57.06
1527,20251204,16,164,78.44
1527,20251204,16,205,410.40
1528,20251017,8,372,108.70
1528,20251017,8,442,34.62
1529,20251215,2,14,275.48
1529,20251215,2,116,65.28
1530,20251206,5,124,124.98
1530,20251206,5,471,16.34
1531,20251019,19,250,125.58
1531,20251019,19,396,272.44
1532,20251023,13,57,184.84
1532,20251023,13,333,152.52
1533,20251024,3,246,36.16
1533,20251024,3,250,46.47
1534,20251020,20,174,146.18
1534,20251020,20,236,135.00
1535,20251101,3,281,274.53
1535,20251101,3,366,67.15
1536,20251105,8,115,88.80
1536,20251105,8,446,193.72
1537,20251106,4,204,208.02
1537,20251106,4,329,64.14
1538,20251205,17,178,66.86
1538,20251205,17,296,10.08
1539,20251209,11,30,56.13
1539,20251209,11,471,112.14
1540,20251102,20,174,107.80
1540,20251102,20,367,51.63
1541,20251028,8,315,104.80
1541,20251028,8,417,173.74
1542,20251203,10,227,186.30
1542,20251203,10,363,225.12
1543,20251105,7,166,49.02
1543,20251105,7,327,45.32
1544,20251118,16,170,265.44
1544,20251118,16,407,44.40
1545,20251127,14,87,184.47
1545,20251127,14,471,186.18
1546,20251204,1,279,193.88
1546,20251204,1,400,46.86
1547,20251022,18,91,45.40
1547,20251022,18,259,158.79
1548,20251212,10,79,19.35
1548,20251212,10,411,205.56
1549,20251024,6,359,302.64
1549,20251024,6,366,64.70
1550,20251116,17,183,139.83
1550,20251116,17,299,158.34
1551,20251122,14,442,24.80
1551,20251122,14,467,78.64
1552,20251121,2,46,70.24
1552,20251121,2,215,198.56
1553,20251203,20,200,29.65
1553,20251203,20,226,304.83
1554,20251024,2,168,151.32
1554,20251024,2,313,152.40
1555,20251030,5,51,178.40
1555,20251030,5,424,193.44
1556,20251106,10,19,274.84
1556,20251106,10,475,39.20
1557,20251206,8,249,118.83
1557,20251206,8,439,51.16
1558,20251109,6,317,23.10
1558,20251109,6,476,29.58
1559,20251027,15,38,253.29
1559,20251027,15,202,229.08
1560,20251208,9,333,144.68
1561,20251124,7,17,158.46
1561,20251124,7,151,20.33
1562,20251214,7,5,69.12
1562,20251214,7,462,400.00
1563,20251207,17,209,24.26
1563,20251207,17,243,22.70
1564,20251118,4,125,77.07
1564,20251118,4,153,145.84
1565,20251115,10,391,300.84
1565,20251115,10,426,291.09
1566,20251213,10,14,284.70
1566,20251213,10,188,85.11
1567,20251213,9,22,52.10
1567,20251213,9,36,340.32
1568,20251126,13,14,86.71
1568,20251126,13,484,413.28
1569,20251202,4,214,76.08
1569,20251202,4,418,42.61
1570,20251209,3,185,124.92
1570,20251209,3,386,172.92
1571,20251020,18,105,143.67
1571,20251020,18,106,48.64
1572,20251111,11,415,99.90
1572,20251111,11,422,183.34
1573,20251020,5,206,39.04
1573,20251020,5,373,86.42
1574,20251117,15,20,94.06
1574,20251117,15,50,179.31
1575,20251214,16,122,346.84
1575,20251214,16,315,134.04
1576,20251209,17,224,260.37
1576,20251209,17,253,63.84
1577,20251029,3,352,159.24
1577,20251029,3,463,192.24
1578,20251020,19,12,274.40
1578,20251020,19,465,97.95
1579,20251206,13,289,49.00
1579,20251206,13,311,90.41
1580,20251102,8,377,136.54
1580,20251102,8,486,69.18
1581,20251112,2,124,201.09
1581,20251112,2,166,274.50
1582,20251202,10,80,191.01
1582,20251202,10,142,60.98
1583,20251030,18,116,108.16
1583,20251030,18,452,225.90
1584,20251114,3,129,270.63
1584,20251114,3,371,336.40
1585,20251027,13,408,104.94
1585,20251027,13,444,76.70
1586,20251029,2,299,64.60
1586,20251029,2,498,182.14
1587,20251120,19,102,162.30
1587,20251120,19,288,72.89
1588,20251202,10,308,178.60
1588,20251202,10,450,92.17
1589,20251103,20,204,183.15
1589,20251103,20,377,141.18
1590,20251024,13,74,43.45
1590,20251024,13,411,126.28
1591,20251211,8,156,38.62
1591,20251211,8,480,33.20
1592,20251204,1,278,204.84
1592,20251204,1,472,256.28
1593,20251018,4,355,257.70
1593,20251018,4,404,23.76
1594,20251212,19,382,58.02
1594,20251212,19,461,103.36
1595,20251113,11,172,246.72
1595,20251113,11,326,166.47
1596,20251109,10,158,246.72
1596,20251109,10,423,267.12
1597,20251113,17,218,167.76
1597,20251113,17,307,58.20
1598,20251212,5,203,140.18
1598,20251212,5,457,221.80
1599,20251201,16,53,11.84
1599,20251201,16,323,199.34
1600,20251126,19,111,38.87
1600,20251126,19,374,67.72
1601,20251206,2,204,180.16
1601,20251206,2,372,149.82
1602,20251130,19,117,53.24
1602,20251130,19,323,341.64
1603,20251119,10,237,230.97
1603,20251119,10,460,69.65
1604,20251205,4,430,294.42
1604,20251205,4,448,63.72
1605,20251108,15,239,90.72
1605,20251108,15,452,94.26
1606,20251028,15,129,245.49
1606,20251028,15,137,73.12
1607,20251205,2,262,238.98
1607,20251205,2,455,184.44
1608,20251117,3,121,71.10
1608,20251117,3,155,383.04
1609,20251029,3,182,88.76
1609,20251029,3,255,244.62
1610,20251102,1,190,178.08
1610,20251102,1,492,91.29
1611,20251115,14,54,18.70
1611,20251115,14,386,53.22
1612,20251124,7,156,92.93
1612,20251124,7,173,314.36
1613,20251027,5,33,51.87
1613,20251027,5,117,248.36
1614,20251107,4,139,311.40
1614,20251107,4,320,153.60
1615,20251201,11,120,23.23
1615,20251201,11,499,237.42
1616,20251110,14,177,190.47
1616,20251110,14,418,290.25
1617,20251209,3,136,266.52
1617,20251209,3,310,17.58
1618,20251111,12,370,94.68
1618,20251111,12,421,76.05
1619,20251110,10,241,162.76
1619,20251110,10,269,53.01
1620,20251020,5,379,19.16
1620,20251020,5,393,314.13
1621,20251026,20,52,70.70
1621,20251026,20,161,93.88
1622,20251211,6,400,57.38
1622,20251211,6,448,285.60
1623,20251212,4,9,295.12
1623,20251212,4,186,202.80
1624,20251201,13,145,200.25
1624,20251201,13,473,65.52
1625,20251121,8,282,59.72
1625,20251121,8,292,323.44
1626,20251203,12,197,309.72
1626,20251203,12,445,307.98
1627,20251212,10,163,210.96
1627,20251212,10,337,106.14
1628,20251106,13,193,182.04
1628,20251106,13,361,46.17
1629,20251114,7,114,169.68
1629,20251114,7,163,364.28
1630,20251104,17,103,5.62
1630,20251104,17,122,77.97
1631,20251109,3,44,52.92
1631,20251109,3,283,180.08
1632,20251122,8,54,352.84
1632,20251122,8,144,25.32
1633,20251031,4,355,193.17
1633,20251031,4,459,307.68
1634,20251021,8,172,31.72
1634,20251021,8,463,186.72
1635,20251107,7,251,61.94
1635,20251107,7,268,191.64
1636,20251203,6,125,147.88
1636,20251203,6,211,6.27
1637,20251210,13,31,73.36
1637,20251210,13,186,382.84
1638,20251208,18,6,48.20
1638,20251208,18,306,287.28
1639,20251030,12,420,182.82
1639,20251030,12,451,57.48
1640,20251204,8,74,285.21
1640,20251204,8,446,379.80
1641,20251019,13,250,373.12
1641,20251019,13,314,205.06
1642,20251115,20,96,15.38
1642,20251115,20,226,73.77
1643,20251109,14,196,307.77
1643,20251109,14,388,100.02
1644,20251023,12,246,117.57
1644,20251023,12,265,129.58
1645,20251201,5,61,121.02
1645,20251201,5,466,192.81
1646,20251202,5,2,25.18
1646,20251202,5,230,53.16
1647,20251212,15,26,44.12
1647,20251212,15,111,167.88
1648,20251117,7,154,145.26
1648,20251117,7,275,129.70
1649,20251110,6,49,100.20
1649,20251110,6,471,321.24
1650,20251103,2,317,102.42
1650,20251103,2,375,28.34
1651,20251120,13,85,59.48
1651,20251120,13,430,107.92
1652,20251128,14,164,150.20
1652,20251128,14,340,5.27
1653,20251111,17,154,20.36
1653,20251111,17,367,162.21
1654,20251019,13,133,343.52
1654,20251019,13,302,15.24
1655,20251117,11,207,49.71
1655,20251117,11,489,147.32
1656,20251118,11,201,89.16
1656,20251118,11,482,170.20
1657,20251209,12,175,250.28
1657,20251209,12,305,45.88
1658,20251104,5,2,62.16
1658,20251104,5,245,81.48
1659,20251119,14,26,187.23
1659,20251119,14,150,91.41
1660,20251019,4,316,129.72
1660,20251019,4,360,78.19
1661,20251101,18,101,92.62
1661,20251101,18,293,185.64
1662,20251130,9,56,5.48
1662,20251130,9,466,215.60
1663,20251203,3,41,118.00
1663,20251203,3,203,175.98
1664,20251206,9,52,166.62
1664,20251206,9,95,142.80
1665,20251105,2,143,37.05
1665,20251105,2,184,23.60
1666,20251019,10,209,96.38
1666,20251019,10,239,302.92
1667,20251101,11,75,74.52
1667,20251101,11,325,249.57
1668,20251128,18,28,123.30
1668,20251128,18,103,288.78
1669,20251125,18,88,7.24
1669,20251125,18,471,200.16
1670,20251214,16,176,152.46
1670,20251214,16,385,18.20
1671,20251107,8,220,71.70
1671,20251107,8,375,72.36
1672,20251128,10,381,185.66
1672,20251128,10,430,40.77
1673,20251112,4,9,255.54
1673,20251112,4,360,151.38
1674,20251125,5,220,70.74
1674,20251125,5,327,84.02
1675,20251122,10,427,88.02
1675,20251122,10,494,127.48
1676,20251102,11,254,166.30
1676,20251102,11,302,76.38
1677,20251130,8,313,41.89
1677,20251130,8,473,316.24
1678,20251129,10,325,142.96
1678,20251129,10,469,204.02
1679,20251120,5,282,53.18
1679,20251120,5,288,221.40
1680,20251211,14,123,134.64
1680,20251211,14,466,198.16
1681,20251101,8,88,147.44
1681,20251101,8,493,280.04
1682,20251205,7,201,29.37
1682,20251205,7,280,57.92
1683,20251017,11,26,346.88
1683,20251017,11,116,190.70
1684,20251213,3,50,212.22
1684,20251213,3,476,100.60
1685,20251204,12,208,154.92
1685,20251204,12,355,132.24
1686,20251209,11,389,110.43
1686,20251209,11,436,112.96
1687,20251213,11,291,65.60
1687,20251213,11,341,25.20
1688,20251103,10,43,93.33
1688,20251103,10,72,189.40
1689,20251114,4,13,126.21
1689,20251114,4,117,144.54
1690,20251020,8,305,120.84
1690,20251020,8,446,174.72
1691,20251115,8,131,174.78
1691,20251115,8,188,281.70
1692,20251214,4,36,205.53
1692,20251214,4,407,81.35
1693,20251127,5,127,51.99
1693,20251127,5,249,97.46
1694,20251124,7,33,277.62
1694,20251124,7,453,30.00
1695,20251121,12,213,60.54
1695,20251121,12,371,204.72
1696,20251203,10,221,172.70
1696,20251203,10,457,15.88
1697,20251130,8,124,177.44
1697,20251130,8,357,147.87
1698,20251113,1,47,9.66
1698,20251113,1,239,244.40
1699,20251101,4,216,26.54
1699,20251101,4,243,106.34
1700,20251212,8,102,209.49
1700,20251212,8,293,53.54
1701,20251118,14,53,128.44
1701,20251118,14,488,5.98
1702,20251106,16,379,40.22
1702,20251106,16,438,239.97
1703,20251209,10,197,365.24
1703,20251209,10,290,86.34
1704,20251108,19,21,204.82
1704,20251108,19,50,134.74
1705,20251120,16,237,59.54
1705,20251120,16,300,9.54
1706,20251124,10,3,271.92
1706,20251124,10,430,297.87
1707,20251208,19,104,63.62
1707,20251208,19,324,96.90
1708,20251017,17,40,188.28
1708,20251017,17,95,217.98
1709,20251122,3,386,403.16
1709,20251122,3,387,205.54
1710,20251210,12,285,20.25
1710,20251210,12,299,240.51
1711,20251112,16,431,138.15
1711,20251112,16,472,159.80
1712,20251117,15,171,152.64
1712,20251117,15,293,149.88
1713,20251205,11,61,187.56
1713,20251205,11,102,141.69
1714,20251202,5,15,54.70
1714,20251202,5,429,22.74
1715,20251205,16,246,192.44
1715,20251205,16,302,281.88
1716,20251106,15,121,129.81
1716,20251106,15,170,21.32
1717,20251106,6,344,55.44
1717,20251106,6,397,277.74
1718,20251019,8,406,45.38
1718,20251019,8,486,204.94
1719,20251112,11,119,155.72
1719,20251112,11,418,123.22
1720,20251118,8,171,196.14
1720,20251118,8,188,69.72
1721,20251031,12,50,130.95
1721,20251031,12,241,180.46
1722,20251130,8,89,279.84
1722,20251130,8,125,19.81
1723,20251108,14,43,79.19
1723,20251108,14,216,19.51
1724,20251016,8,49,51.72
1724,20251016,8,158,147.08
1725,20251105,19,327,123.92
1725,20251105,19,365,386.72
1726,20251027,8,72,12.72
1726,20251027,8,164,145.89
1727,20251102,9,273,159.27
1727,20251102,9,479,49.72
1728,20251026,19,162,112.56
1728,20251026,19,251,148.29
1729,20251105,19,298,75.60
1729,20251105,19,443,60.38
1730,20251116,12,271,309.45
1730,20251116,12,421,66.78
1731,20251112,17,126,249.69
1731,20251112,17,401,118.59
1732,20251129,20,326,319.12
1732,20251129,20,411,38.12
1733,20251203,3,321,35.58
1733,20251203,3,471,131.18
1734,20251030,8,82,96.58
1734,20251030,8,454,133.88
1735,20251114,9,170,195.30
1735,20251114,9,206,134.64
1736,20251130,2,148,50.62
1736,20251130,2,480,10.76
1737,20251103,13,55,262.11
1737,20251103,13,311,134.70
1738,20251128,14,29,136.62
1738,20251128,14,186,183.45
1739,20251025,10,201,250.65
1739,20251025,10,331,249.48
1740,20251130,5,9,81.57
1740,20251130,5,202,16.38
1741,20251206,3,128,238.83
1741,20251206,3,293,157.83
1742,20251024,5,23,126.09
1742,20251024,5,176,103.77
1743,20251214,20,252,40.81
1743,20251214,20,402,185.58
1744,20251029,17,44,255.12
1744,20251029,17,390,98.62
1745,20251207,4,132,46.60
1745,20251207,4,259,314.44
1746,20251111,11,32,182.62
1746,20251111,11,484,40.52
1747,20251019,11,413,87.50
1747,20251019,11,414,116.16
1748,20251210,13,46,325.12
1748,20251210,13,265,98.43
1749,20251118,13,208,18.14
1749,20251118,13,389,81.50
1750,20251103,2,34,134.46
1750,20251103,2,329,17.58
1751,20251117,19,167,98.56
1751,20251117,19,176,68.94
1752,20251102,7,61,95.04
1752,20251102,7,194,156.36
1753,20251129,2,342,122.56
1753,20251129,2,474,67.50
1754,20251104,9,47,146.92
1754,20251104,9,415,67.48
1755,20251022,19,478,295.59
1755,20251022,19,495,208.35
1756,20251208,4,388,307.68
1756,20251208,4,445,56.06
1757,20251104,20,207,120.04
1757,20251104,20,364,49.43
1758,20251025,16,27,30.00
1758,20251025,16,94,145.14
1759,20251114,10,45,205.08
1759,20251114,10,396,72.00
1760,20251016,14,372,8.90
1760,20251016,14,416,51.90
1761,20251204,8,204,228.09
1761,20251204,8,373,203.02
1762,20251201,7,21,68.64
1762,20251201,7,143,98.63
1763,20251106,16,151,126.30
1763,20251106,16,246,29.88
1764,20251111,20,77,195.46
1764,20251111,20,465,167.96
1765,20251027,10,192,128.96
1765,20251027,10,213,95.24
1766,20251212,3,83,72.74
1766,20251212,3,146,268.84
1767,20251017,15,126,12.30
1767,20251017,15,334,177.36
1768,20251129,8,343,174.60
1768,20251129,8,352,169.48
1769,20251022,11,172,81.57
1769,20251022,11,484,282.44
1770,20251112,12,24,171.72
1770,20251112,12,157,119.94
1771,20251105,16,211,8.61
1771,20251105,16,219,167.34
1772,20251214,6,315,141.16
1772,20251214,6,392,290.76
1773,20251017,6,182,163.38
1773,20251017,6,419,209.82
1774,20251201,10,285,16.71
1774,20251201,10,346,40.83
1775,20251020,8,160,41.40
1775,20251020,8,461,59.46
1776,20251108,17,4,255.56
1776,20251108,17,475,191.61
1777,20251110,4,27,138.46
1777,20251110,4,334,106.44
1778,20251027,14,140,139.50
1778,20251027,14,452,259.68
1779,20251030,13,34,316.48
1779,20251030,13,303,36.12
1780,20251116,7,334,295.41
1780,20251116,7,443,165.80
1781,20251130,14,237,90.32
1781,20251130,14,471,152.48
1782,20251124,14,333,112.52
1782,20251124,14,436,203.84
1783,20251107,13,182,161.04
1783,20251107,13,196,93.81
1784,20251107,10,139,16.86
1784,20251107,10,329,70.95
1785,20251112,6,88,296.58
1785,20251112,6,181,320.68
1786,20251111,3,309,75.57
1786,20251111,3,401,250.32
1787,20251125,7,144,17.74
1787,20251125,7,390,51.51
1788,20251204,11,109,137.85
1788,20251204,11,328,34.86
1789,20251114,8,183,247.59
1789,20251114,8,269,190.18
1790,20251205,14,24,180.80
1790,20251205,14,157,120.84
1791,20251127,10,290,81.73
1791,20251127,10,361,19.20
1792,20251117,1,101,238.40
1792,20251117,1,143,159.84
1793,20251112,4,337,29.82
1793,20251112,4,412,331.32
1794,20251030,13,35,197.18
1794,20251030,13,315,284.73
1795,20251204,7,6,89.20
1795,20251204,7,116,22.72
1796,20251102,3,276,14.22
1796,20251102,3,309,187.56
1797,20251110,18,213,176.38
1797,20251110,18,267,276.30
1798,20251209,14,288,243.81
1798,20251209,14,498,277.17
1799,20251121,18,19,20.47
1799,20251121,18,385,97.00
1800,20251027,10,127,49.72
1800,20251027,10,436,54.13
1801,20251115,19,14,387.92
1801,20251115,19,199,63.89
1802,20251207,10,148,154.89
1802,20251207,10,154,5.76
1803,20251018,4,339,46.38
1803,20251018,4,397,114.27
1804,20251104,18,128,22.22
1804,20251104,18,300,238.29
1805,20251107,12,184,229.65
1805,20251107,12,223,113.64
1806,20251026,19,123,137.48
1806,20251026,19,314,137.72
1807,20251214,18,350,180.99
1807,20251214,18,494,301.53
1808,20251121,19,111,97.56
1808,20251121,19,180,25.52
1809,20251123,9,143,72.27
1809,20251123,9,436,120.66
1810,20251120,11,141,82.12
1810,20251120,11,228,51.86
1811,20251130,6,204,161.16
1811,20251130,6,309,84.39
1812,20251030,16,99,94.94
1812,20251030,16,313,104.04
1813,20251215,14,52,281.82
1813,20251215,14,66,87.56
1814,20251110,15,3,211.02
1814,20251110,15,328,180.58
1815,20251104,2,184,64.50
1815,20251104,2,473,85.06
1816,20251212,7,68,33.76
1816,20251212,7,120,165.68
1817,20251202,6,144,224.55
1817,20251202,6,396,13.50
1818,20251126,15,13,28.81
1818,20251126,15,231,52.22
1819,20251129,10,30,156.54
1819,20251129,10,346,40.32
1820,20251025,5,153,75.32
1820,20251025,5,258,267.12
1821,20251113,10,40,223.36
1821,20251113,10,456,311.94
1822,20251122,12,42,95.66
1822,20251122,12,247,269.28
1823,20251020,12,158,161.46
1823,20251020,12,369,112.52
1824,20251202,3,234,270.42
1824,20251202,3,303,178.14
1825,20251206,16,260,258.00
1825,20251206,16,448,97.92
1826,20251211,10,315,121.46
1826,20251211,10,458,276.99
1827,20251206,15,216,49.18
1827,20251206,15,431,47.12
1828,20251024,7,52,44.64
1828,20251024,7,290,190.90
1829,20251122,1,138,157.52
1829,20251122,1,443,307.56
1830,20251214,5,78,301.52
1830,20251214,5,457,164.56
1831,20251116,19,70,14.99
1831,20251116,19,320,34.94
1832,20251214,18,196,279.51
1832,20251214,18,225,176.12
1833,20251203,19,122,77.73
1833,20251203,19,226,53.38
1834,20251022,10,163,219.03
1834,20251022,10,197,95.82
1835,20251127,2,73,46.02
1835,20251127,2,364,195.78
1836,20251020,9,158,165.38
1836,20251020,9,161,77.74
1837,20251204,3,104,102.31
1837,20251204,3,193,177.81
1838,20251021,19,176,172.08
1838,20251021,19,448,66.44
1839,20251018,15,137,138.87
1839,20251018,15,150,394.40
1840,20251030,20,86,135.20
1840,20251030,20,151,25.58
1841,20251127,13,308,145.08
1841,20251127,13,463,191.88
1842,20251125,12,5,39.68
1842,20251125,12,168,97.37
1843,20251109,4,327,248.28
1843,20251109,4,387,59.08
1844,20251212,2,169,151.02
1844,20251212,2,305,87.60
1845,20251119,4,32,30.69
1845,20251119,4,445,36.93
1846,20251021,18,241,35.13
1846,20251021,18,386,304.17
1847,20251123,3,445,13.89
1847,20251123,3,472,160.36
1848,20251124,3,181,109.29
1848,20251124,3,282,129.54
1849,20251207,14,31,177.56
1849,20251207,14,472,61.93
1850,20251028,11,86,272.36
1850,20251028,11,424,202.00
1851,20251028,15,151,158.68
1851,20251028,15,410,204.32
1852,20251129,12,288,14.00
1852,20251129,12,500,29.13
1853,20251102,18,158,142.48
1853,20251102,18,449,87.84
1854,20251123,18,89,146.26
1854,20251123,18,244,303.60
1855,20251102,18,345,83.21
1855,20251102,18,499,191.28
1856,20251016,15,190,34.99
1856,20251016,15,481,253.68
1857,20251215,17,296,120.30
1857,20251215,17,414,124.98
1858,20251126,15,32,330.64
1858,20251126,15,251,156.54
1859,20251104,18,311,43.15
1859,20251104,18,368,201.76
1860,20251020,10,102,63.00
1860,20251020,10,275,218.31
1861,20251105,17,352,32.58
1861,20251105,17,404,181.50
1862,20251106,9,90,166.50
1862,20251106,9,385,43.95
1863,20251112,11,387,184.23
1863,20251112,11,412,233.46
1864,20251027,13,25,145.64
1864,20251027,13,269,20.28
1865,20251210,10,76,259.98
1865,20251210,10,257,144.90
1866,20251107,13,210,77.70
1866,20251107,13,289,46.53
1867,20251027,14,217,173.49
1867,20251027,14,301,409.00
1868,20251027,6,40,42.40
1868,20251027,6,464,106.92
1869,20251121,8,275,111.46
1869,20251121,8,281,49.36
1870,20251208,19,173,166.72
1870,20251208,19,317,159.60
1871,20251025,13,17,275.79
1871,20251025,13,62,34.60
1872,20251024,3,216,164.66
1872,20251024,3,396,278.22
1873,20251102,16,52,75.96
1873,20251102,16,376,151.40
1874,20251103,6,291,108.98
1874,20251103,6,491,296.49
1875,20251123,4,256,131.52
1875,20251123,4,349,342.52
1876,20251128,9,37,84.96
1876,20251128,9,411,174.54
1877,20251025,13,155,271.77
1877,20251025,13,316,143.90
1878,20251105,19,253,187.58
1878,20251105,19,291,210.96
1879,20251209,15,343,207.42
1879,20251209,15,446,94.23
1880,20251024,2,222,99.84
1880,20251024,2,290,83.34
1881,20251106,9,65,22.32
1881,20251106,9,210,53.38
1882,20251031,13,339,258.90
1882,20251031,13,378,275.16
1883,20251104,11,281,38.02
1883,20251104,11,469,58.23
1884,20251109,17,65,264.30
1884,20251109,17,426,41.98
1885,20251108,18,91,53.80
1885,20251108,18,136,38.18
1886,20251207,9,31,153.76
1886,20251207,9,419,40.08
1887,20251021,8,99,16.00
1887,20251021,8,213,16.32
1888,20251030,19,83,270.48
1888,20251030,19,185,38.10
1889,20251117,13,247,166.14
1889,20251117,13,259,179.52
1890,20251117,7,441,37.25
1890,20251117,7,474,59.52
1891,20251116,8,409,93.84
1891,20251116,8,429,194.36
1892,20251106,12,101,137.08
1892,20251106,12,351,81.94
1893,20251210,6,136,18.66
1893,20251210,6,257,117.38
1894,20251017,15,1,173.86
1894,20251017,15,213,61.23
1895,20251213,4,158,36.12
1895,20251213,4,261,45.68
1896,20251109,1,328,15.02
1896,20251109,1,357,94.98
1897,20251017,15,177,40.16
1897,20251017,15,393,84.90
1898,20251213,4,124,73.12
1898,20251213,4,332,89.78
1899,20251111,18,290,64.99
1899,20251111,18,480,139.64
1900,20251105,13,360,180.38
1900,20251105,13,374,236.60
1901,20251111,19,124,102.57
1901,20251111,19,327,259.50
1902,20251203,8,322,128.40
1902,20251203,8,336,55.89
1903,20251026,9,110,26.45
1903,20251026,9,406,70.98
1904,20251207,16,281,110.88
1904,20251207,16,462,120.24
1905,20251102,19,194,132.84
1905,20251102,19,383,189.93
1906,20251213,10,77,26.92
1906,20251213,10,332,64.98
1907,20251019,19,5,103.76
1907,20251019,19,249,107.61
1908,20251203,7,357,215.04
1908,20251203,7,470,170.52
1909,20251110,17,30,271.88
1909,20251110,17,397,195.24
1910,20251030,2,82,22.40
1910,20251030,2,328,222.45
1911,20251107,5,278,158.07
1911,20251107,5,296,17.60
1912,20251204,20,228,10.80
1912,20251204,20,386,40.02
1913,20251111,5,164,45.88
1913,20251111,5,172,67.69
1914,20251116,14,199,90.08
1914,20251116,14,307,48.78
1915,20251019,10,293,256.88
1915,20251019,10,325,155.44
1916,20251120,14,100,20.20
1916,20251120,14,376,68.12
1917,20251215,10,31,373.60
1917,20251215,10,84,117.26
1918,20251116,5,358,128.16
1918,20251116,5,405,88.04
1919,20251024,6,87,88.34
1919,20251024,6,235,183.00
1920,20251108,4,84,130.16
1920,20251108,4,256,201.92
1921,20251213,3,245,211.64
1921,20251213,3,373,109.62
1922,20251030,8,283,124.26
1922,20251030,8,467,389.04
1923,20251112,16,73,212.44
1923,20251112,16,493,138.96
1924,20251104,5,294,197.28
1924,20251104,5,411,253.38
1925,20251205,16,227,55.60
1925,20251205,16,257,11.70
1926,20251125,11,317,27.63
1926,20251125,11,348,59.50
1927,20251129,12,70,39.51
1927,20251129,12,478,102.03
1928,20251201,4,221,185.10
1928,20251201,4,328,44.08
1929,20251129,16,170,301.11
1929,20251129,16,198,231.27
1930,20251115,2,455,207.40
1930,20251115,2,465,211.74
1931,20251205,10,270,135.72
1931,20251205,10,306,303.16
1932,20251019,19,152,73.68
1932,20251019,19,254,182.72
1933,20251109,11,9,259.77
1933,20251109,11,91,296.07
1934,20251122,7,155,127.64
1934,20251122,7,249,26.10
1935,20251206,4,62,105.64
1935,20251206,4,270,67.60
1936,20251103,7,147,19.77
1936,20251103,7,264,61.57
1937,20251117,14,85,258.32
1937,20251117,14,265,106.40
1938,20251126,13,142,32.06
1938,20251126,13,358,191.37
1939,20251201,12,189,116.04
1939,20251201,12,444,259.20
1940,20251018,15,241,77.92
1940,20251018,15,335,179.90
1941,20251027,19,81,41.61
1941,20251027,19,468,319.56
1942,20251101,6,415,52.62
1942,20251101,6,483,27.18
1943,20251213,14,20,116.64
1943,20251213,14,480,267.76
1944,20251031,10,27,126.90
1944,20251031,10,290,85.83
1945,20251129,13,155,51.45
1945,20251129,13,304,94.66
1946,20251117,6,123,69.40
1946,20251117,6,263,137.16
1947,20251026,4,117,188.16
1947,20251026,4,490,10.70
1948,20251102,3,60,176.24
1948,20251102,3,99,248.10
1949,20251124,19,205,186.14
1949,20251124,19,324,125.84
1950,20251128,4,197,32.21
1950,20251128,4,432,245.80
1951,20251022,10,194,148.20
1951,20251022,10,463,203.24
1952,20251121,16,314,86.96
1952,20251121,16,450,163.66
1953,20251119,4,146,139.34
1953,20251119,4,479,80.72
1954,20251205,8,97,24.70
1954,20251205,8,369,181.56
1955,20251117,2,244,143.50
1955,20251117,2,391,179.18
1956,20251125,8,106,228.75
1956,20251125,8,281,87.43
1957,20251123,10,410,125.72
1957,20251123,10,459,179.98
1958,20251020,5,81,45.62
1958,20251020,5,255,249.00
1959,20251125,2,174,388.00
1959,20251125,2,454,312.80
1960,20251211,6,112,205.36
1960,20251211,6,461,35.22
1961,20251214,13,135,169.86
1961,20251214,13,194,199.76
1962,20251206,4,200,10.92
1962,20251206,4,497,72.08
1963,20251204,16,185,280.26
1963,20251204,16,364,45.29
1964,20251202,10,318,114.87
1964,20251202,10,451,67.50
1965,20251128,3,47,78.81
1965,20251128,3,301,166.82
1966,20251022,5,16,82.16
1966,20251022,5,85,142.96
1967,20251030,18,104,89.96
1967,20251030,18,230,187.36
1968,20251030,1,2,176.94
1968,20251030,1,156,48.50
1969,20251107,4,34,93.30
1969,20251107,4,415,8.31
1970,20251028,14,155,40.52
1970,20251028,14,171,112.98
1971,20251103,16,165,12.87
1971,20251103,16,294,157.64
1972,20251110,15,354,285.12
1973,20251025,9,38,49.40
1973,20251025,9,368,78.92
1974,20251018,15,277,378.28
1974,20251018,15,285,124.86
1975,20251031,10,72,295.89
1975,20251031,10,420,93.63
1976,20251030,3,240,172.84
1976,20251030,3,464,70.77
1977,20251126,15,183,203.37
1977,20251126,15,198,306.45
1978,20251113,17,151,173.37
1978,20251113,17,497,107.10
1979,20251017,2,6,256.56
1979,20251017,2,420,42.45
1980,20251213,17,300,167.31
1980,20251213,17,483,274.11
1981,20251214,19,34,19.14
1981,20251214,19,201,150.98
1982,20251123,16,242,79.78
1982,20251123,16,375,176.74
1983,20251201,4,9,76.50
1983,20251201,4,28,172.02
1984,20251203,2,311,39.28
1984,20251203,2,318,99.62
1985,20251112,17,119,73.90
1985,20251112,17,482,98.52
1986,20251203,3,277,105.00
1986,20251203,3,321,354.32
1987,20251107,13,185,173.52
1987,20251107,13,272,65.76
1988,20251128,13,417,202.46
1988,20251128,13,468,262.76
1989,20251024,2,226,313.17
1989,20251024,2,470,193.02
1990,20251129,11,168,94.89
1990,20251129,11,468,142.86
1991,20251021,8,219,206.48
1991,20251021,8,341,24.59
1992,20251023,8,395,177.64
1992,20251023,8,429,6.36
1993,20251206,19,48,34.42
1993,20251206,19,244,206.34
1994,20251204,2,451,173.01
1994,20251204,2,495,65.69
1995,20251208,8,54,93.36
1995,20251208,8,472,143.56
1996,20251205,12,99,144.66
1996,20251205,12,471,87.90
1997,20251118,7,320,111.60
1997,20251118,7,365,94.44
1998,20251213,1,97,48.12
1998,20251213,1,122,111.48
1999,20251105,1,256,38.28
1999,20251105,1,428,294.18
2000,20251119,2,44,99.04
2000,20251119,2,101,139.08
2001,20251020,2,165,19.82
2001,20251020,2,338,27.99
2002,20251031,2,421,164.92
2002,20251031,2,462,99.32
2003,20251109,15,268,295.14
2003,20251109,15,325,57.20
2004,20251115,8,129,187.12
2004,20251115,8,208,85.17
2005,20251209,13,280,111.12
2005,20251209,13,476,160.56
2006,20251201,7,253,124.16
2006,20251201,7,324,244.29
2007,20251213,13,244,134.91
2007,20251213,13,258,105.64
2008,20251212,15,201,215.64
2008,20251212,15,261,83.97
2009,20251126,11,370,105.34
2009,20251126,11,424,88.38
2010,20251204,11,261,24.29
2010,20251204,11,337,60.68
2011,20251021,6,74,127.35
2011,20251021,6,161,130.71
2012,20251025,14,421,327.92
2012,20251025,14,464,142.04
2013,20251207,16,163,95.77
2013,20251207,16,317,64.43
2014,20251121,18,197,275.73
2014,20251121,18,304,312.27
2015,20251107,2,77,128.10
2015,20251107,2,494,64.44
2016,20251114,18,8,113.61
2016,20251114,18,226,116.98
2017,20251210,3,56,181.14
2017,20251210,3,460,146.97
2018,20251116,4,9,269.16
2018,20251116,4,288,32.63
2019,20251130,11,268,204.22
2019,20251130,11,373,190.64
2020,20251213,5,3,50.67
2020,20251213,5,331,37.76
2021,20251109,9,145,7.22
2021,20251109,9,176,165.51
2022,20251116,18,182,199.84
2022,20251116,18,417,152.60
2023,20251022,19,69,24.51
2023,20251022,19,300,122.40
2024,20251211,4,332,28.92
2024,20251211,4,344,58.72
2025,20251123,4,40,141.98
2025,20251123,4,209,121.00
2026,20251114,11,384,76.84
2026,20251114,11,465,133.44
2027,20251205,13,186,284.94
2027,20251205,13,296,234.57
2028,20251028,8,142,83.26
2028,20251028,8,479,70.00
2029,20251110,13,242,138.92
2029,20251110,13,442,149.04
2030,20251026,16,355,58.86
2030,20251026,16,423,84.81
2031,20251108,4,331,44.79
2031,20251108,4,345,47.78
2032,20251017,16,269,114.60
2032,20251017,16,321,23.65
2033,20251130,15,12,307.84
2033,20251130,15,461,40.11
2034,20251027,16,161,24.40
2034,20251027,16,284,27.96
2035,20251024,14,316,138.76
2035,20251024,14,333,103.44
2036,20251129,2,277,166.14
2036,20251129,2,325,70.72
2037,20251201,7,217,176.44
2037,20251201,7,268,101.45
2038,20251128,8,24,12.38
2038,20251128,8,326,99.88
2039,20251206,8,323,73.60
2039,20251206,8,335,37.76
2040,20251212,2,191,355.12
2040,20251212,2,294,311.37
2041,20251121,4,94,144.28
2041,20251121,4,433,32.66
2042,20251023,1,319,58.82
2042,20251023,1,459,73.14
2043,20251123,13,28,31.21
2043,20251123,13,100,84.58
2044,20251110,18,72,15.88
2044,20251110,18,411,402.88
2045,20251122,1,415,151.02
2045,20251122,1,500,251.24
2046,20251129,3,31,60.03
2046,20251129,3,97,44.56
2047,20251028,16,182,190.50
2047,20251028,16,404,56.65
2048,20251115,4,125,172.32
2048,20251115,4,212,139.84
2049,20251125,13,79,57.75
2049,20251125,13,414,80.96
2050,20251122,10,379,379.12
2050,20251122,10,500,102.60
2051,20251206,5,84,32.76
2051,20251206,5,380,304.76
2052,20251209,3,112,34.88
2052,20251209,3,325,191.88
2053,20251204,3,117,184.20
2053,20251204,3,129,156.39
2054,20251117,14,357,171.26
2054,20251117,14,495,219.48
2055,20251122,7,258,156.30
2055,20251122,7,449,66.12
2056,20251118,13,252,173.46
2056,20251118,13,391,196.16
2057,20251031,9,109,18.36
2057,20251031,9,163,176.62
2058,20251209,4,168,92.64
2058,20251209,4,364,50.56
2059,20251019,1,210,141.45
2059,20251019,1,252,71.99
2060,20251203,10,168,113.37
2060,20251203,10,182,133.18
2061,20251208,9,150,181.05
2061,20251208,9,291,32.89
2062,20251019,19,89,84.64
2062,20251019,19,143,107.56
2063,20251111,18,373,351.52
2063,20251111,18,479,160.04
2064,20251023,2,154,48.46
2064,20251023,2,178,157.40
2065,20251102,5,130,38.31
2065,20251102,5,367,7.37
2066,20251207,18,133,197.10
2066,20251207,18,459,92.81
2067,20251127,2,315,213.72
2067,20251127,2,465,96.28
2068,20251113,6,59,18.00
2068,20251113,6,473,52.14
2069,20251117,6,307,55.92
2069,20251117,6,483,247.77
2070,20251103,7,234,271.95
2070,20251103,7,235,74.08
2071,20251121,10,10,47.55
2071,20251121,10,98,244.83
2072,20251210,5,38,21.77
2072,20251210,5,50,83.16
2073,20251104,6,365,27.84
2073,20251104,6,372,122.20
2074,20251114,16,161,44.92
2074,20251114,16,355,210.75
2075,20251127,3,268,150.46
2075,20251127,3,453,174.36
2076,20251018,17,144,57.34
2076,20251018,17,366,152.07
2077,20251213,11,251,74.70
2077,20251213,11,271,95.73
2078,20251213,2,257,111.84
2078,20251213,2,446,267.78
2079,20251118,12,28,53.58
2079,20251118,12,199,298.80
2080,20251130,12,275,42.04
2080,20251130,12,346,237.75
2081,20251026,17,124,206.40
2081,20251026,17,197,140.78
2082,20251104,13,12,93.32
2082,20251104,13,281,73.00
2083,20251025,14,65,390.28
2083,20251025,14,274,205.84
2084,20251116,19,187,104.18
2084,20251116,19,445,357.16
2085,20251109,11,11,416.92
2085,20251109,11,237,141.00
2086,20251027,13,29,71.84
2086,20251027,13,253,41.02
2087,20251029,5,56,182.72
2087,20251029,5,339,307.68
2088,20251207,15,319,207.48
2088,20251207,15,363,24.90
2089,20251031,9,212,105.36
2089,20251031,9,219,229.84
2090,20251122,19,62,84.16
2090,20251122,19,250,184.24
2091,20251115,3,35,283.89
2091,20251115,3,401,293.52
2092,20251027,14,88,187.12
2092,20251027,14,324,275.07
2093,20251118,10,408,193.92
2093,20251118,10,444,416.00
2094,20251104,6,138,26.42
2094,20251104,6,385,255.66
2095,20251103,19,108,184.70
2095,20251103,19,220,234.57
2096,20251124,10,92,13.98
2096,20251124,10,475,74.38
2097,20251111,6,341,138.15
2097,20251111,6,343,180.72
2098,20251117,10,173,193.80
2098,20251117,10,404,95.29
2099,20251214,12,227,219.84
2099,20251214,12,234,290.28
2100,20251212,4,400,200.04
2100,20251212,4,424,167.85
2101,20251020,2,111,112.96
2101,20251020,2,373,162.18
2102,20251031,4,346,8.88
2102,20251031,4,439,30.68
2103,20251104,9,171,5.30
2103,20251104,9,218,36.15
2104,20251119,18,266,205.26
2104,20251119,18,361,40.04
2105,20251019,1,55,368.64
2105,20251019,1,90,30.44
2106,20251023,5,172,234.24
2106,20251023,5,213,70.90
2107,20251023,7,49,137.38
2107,20251023,7,344,48.38
2108,20251021,18,436,101.38
2108,20251021,18,492,20.32
2109,20251209,6,60,198.78
2109,20251209,6,66,143.07
2110,20251126,17,129,46.32
2110,20251126,17,429,19.62
2111,20251106,16,10,99.02
2111,20251106,16,177,230.25
2112,20251129,10,80,73.00
2112,20251129,10,330,183.69
2113,20251029,19,71,167.16
2113,20251029,19,105,117.09
2114,20251120,9,74,156.57
2114,20251120,9,223,63.76
2115,20251113,12,236,92.40
2115,20251113,12,331,117.45
2116,20251118,2,258,52.48
2116,20251118,2,444,104.53
2117,20251028,3,135,182.84
2117,20251028,3,257,146.66
2118,20251028,9,166,24.30
2118,20251028,9,385,109.53
2119,20251129,18,23,272.16
2119,20251129,18,76,45.51
2120,20251028,16,95,64.31
2120,20251028,16,353,189.30
2121,20251108,12,304,31.00
2121,20251108,12,361,119.90
2122,20251111,14,213,68.16
2122,20251111,14,354,20.52
2123,20251020,6,178,102.56
2123,20251020,6,372,24.90
2124,20251025,7,150,230.04
2124,20251025,7,325,290.61
2125,20251026,15,81,85.21
2125,20251026,15,361,266.43
2126,20251106,11,179,78.36
2126,20251106,11,273,31.44
2127,20251107,11,400,106.08
2127,20251107,11,428,251.34
2128,20251030,7,366,187.95
2128,20251030,7,468,94.65
2129,20251206,3,316,190.98
2129,20251206,3,347,72.36
2130,20251023,4,358,170.94
2130,20251023,4,426,308.49
2131,20251110,20,138,296.20
2131,20251110,20,239,241.14
2132,20251206,12,31,166.36
2132,20251206,12,181,297.80
2133,20251128,14,270,106.23
2133,20251128,14,450,17.36
2134,20251129,8,56,30.23
2134,20251129,8,450,73.38
2135,20251026,6,66,490.27
2136,20251029,4,303,65.62
2136,20251029,4,334,234.44
2137,20251202,18,79,184.02
2137,20251202,18,397,192.62
2138,20251105,3,35,71.60
2138,20251105,3,491,273.93
2139,20251129,17,4,36.86
2139,20251129,17,204,176.34
2140,20251018,19,23,37.92
2140,20251018,19,192,233.61
2141,20251203,9,61,149.92
2141,20251203,9,211,71.04
2142,20251129,14,22,209.88
2142,20251129,14,336,43.06
2143,20251109,14,392,52.35
2143,20251109,14,467,201.48
2144,20251102,14,90,57.73
2144,20251102,14,182,81.54
2145,20251129,8,274,94.29
2145,20251129,8,488,187.38
2146,20251019,3,247,201.81
2146,20251019,3,375,179.96
2147,20251201,14,183,207.24
2147,20251201,14,309,13.92
2148,20251126,18,60,79.29
2148,20251126,18,377,213.30
2149,20251114,2,107,51.48
2149,20251114,2,363,313.72
2150,20251124,12,13,13.50
2150,20251124,12,183,261.84
2151,20251116,7,357,251.04
2151,20251116,7,458,119.64
2152,20251120,10,237,158.28
2152,20251120,10,400,154.05
2153,20251210,15,56,197.12
2153,20251210,15,172,69.69
2154,20251105,20,194,200.40
2154,20251105,20,434,198.03
2155,20251213,17,253,44.24
2155,20251213,17,303,51.58
2156,20251026,15,127,241.80
2156,20251026,15,406,179.24
2157,20251101,15,50,293.55
2157,20251101,15,167,87.36
2158,20251109,2,25,149.92
2158,20251109,2,280,179.36
2159,20251117,4,106,374.80
2159,20251117,4,371,56.59
2160,20251105,5,87,61.89
2160,20251105,5,406,227.88
2161,20251125,3,149,60.60
2161,20251125,3,342,15.92
2162,20251127,16,245,165.88
2162,20251127,16,398,110.02
2163,20251118,15,136,168.12
2163,20251118,15,425,135.88
2164,20251103,18,106,201.84
2164,20251103,18,322,151.84
2165,20251025,3,153,178.44
2165,20251025,3,184,146.60
2166,20251114,5,83,15.81
2166,20251114,5,358,197.74
2167,20251106,18,411,243.87
2167,20251106,18,488,130.00
2168,20251213,16,28,55.42
2168,20251213,16,422,76.38
2169,20251107,7,381,198.93
2169,20251107,7,483,65.49
2170,20251029,6,169,10.16
2170,20251029,6,197,102.29
2171,20251017,9,21,71.30
2171,20251017,9,453,133.18
2172,20251207,12,154,18.92
2172,20251207,12,421,343.56
2173,20251116,11,184,90.10
2173,20251116,11,227,90.48
2174,20251117,4,30,291.42
2174,20251117,4,295,400.48
2175,20251122,5,282,262.16
2175,20251122,5,499,144.58
2176,20251020,3,18,139.70
2176,20251020,3,63,105.88
2177,20251208,18,235,53.08
2177,20251208,18,323,42.52
2178,20251027,9,66,107.72
2178,20251027,9,440,96.42
2179,20251129,6,193,19.65
2179,20251129,6,258,138.84
2180,20251109,13,46,14.32
2180,20251109,13,441,104.48
2181,20251207,8,32,71.60
2181,20251207,8,239,38.16
2182,20251019,12,17,201.87
2182,20251019,12,384,70.32
2183,20251202,11,47,71.50
2183,20251202,11,176,38.58
2184,20251202,10,69,182.90
2184,20251202,10,113,109.40
2185,20251108,14,62,22.50
2185,20251108,14,133,51.98
2186,20251016,10,134,77.38
2186,20251016,10,433,77.47
2187,20251202,6,309,84.82
2187,20251202,6,427,91.32
2188,20251115,5,196,209.06
2188,20251115,5,406,123.03
2189,20251111,12,222,49.21
2189,20251111,12,411,221.67
2190,20251206,2,38,332.28
2190,20251206,2,377,209.40
2191,20251204,2,188,195.51
2191,20251204,2,288,59.68
2192,20251212,12,287,87.89
2192,20251212,12,422,99.16
2193,20251101,15,270,138.96
2193,20251101,15,334,286.50
2194,20251020,20,233,43.76
2194,20251020,20,481,111.36
2195,20251018,19,334,162.18
2195,20251018,19,401,177.12
2196,20251028,7,169,125.10
2196,20251028,7,302,64.36
2197,20251019,10,88,87.48
2197,20251019,10,272,79.14
2198,20251202,16,287,265.98
2198,20251202,16,353,43.41
2199,20251027,2,172,45.71
2199,20251027,2,446,269.96
2200,20251119,3,13,242.70
2200,20251119,3,490,212.49
2201,20251113,15,74,208.53
2201,20251113,15,427,145.08
2202,20251207,16,94,124.10
2202,20251207,16,114,179.44
2203,20251017,8,74,27.63
2203,20251017,8,104,164.36
2204,20251128,17,70,130.12
2204,20251128,17,319,59.31
2205,20251204,17,131,103.96
2205,20251204,17,198,164.12
2206,20251021,18,152,273.00
2206,20251021,18,159,35.52
2207,20251107,6,75,29.13
2207,20251107,6,181,238.47
2208,20251105,18,60,60.22
2208,20251105,18,425,46.72
2209,20251207,10,189,254.91
2209,20251207,10,485,280.44
2210,20251204,5,188,43.72
2210,20251204,5,196,102.12
2211,20251029,5,158,79.10
2211,20251029,5,288,186.30
2212,20251124,7,95,206.01
2212,20251124,7,148,18.85
2213,20251214,19,339,398.56
2213,20251214,19,350,66.72
2214,20251209,11,272,185.30
2214,20251209,11,458,57.00
2215,20251016,8,72,176.97
2215,20251016,8,182,119.94
2216,20251108,2,160,134.40
2216,20251108,2,258,33.76
2217,20251203,10,361,299.31
2217,20251203,10,477,169.38
2218,20251108,4,140,17.58
2218,20251108,4,461,23.90
2219,20251104,5,206,66.81
2219,20251104,5,471,155.10
2220,20251214,19,269,160.24
2220,20251214,19,464,318.48
2221,20251105,8,209,180.84
2221,20251105,8,352,35.05
2222,20251103,14,272,91.80
2222,20251103,14,310,91.58
2223,20251016,18,343,226.77
2223,20251016,18,400,62.19
2224,20251018,17,257,18.62
2224,20251018,17,400,60.70
2225,20251113,4,187,56.67
2225,20251113,4,364,97.47
2226,20251029,12,61,172.68
2226,20251029,12,183,75.66
2227,20251110,8,20,88.14
2227,20251110,8,176,98.01
2228,20251114,17,55,53.60
2228,20251114,17,492,163.10
2229,20251103,19,114,386.40
2229,20251103,19,122,60.25
2230,20251016,13,241,144.00
2230,20251016,13,247,268.23
2231,20251122,4,218,363.84
2231,20251122,4,308,87.20
2232,20251124,19,45,263.64
2232,20251124,19,278,100.36
2233,20251021,13,208,164.24
2233,20251021,13,435,74.40
2234,20251214,14,313,205.76
2234,20251214,14,397,168.06
2235,20251212,2,32,67.52
2235,20251212,2,305,190.46
2236,20251205,12,131,314.40
2236,20251205,12,302,87.88
2237,20251029,3,467,313.23
2237,20251029,3,483,70.32
2238,20251127,14,161,393.00
2238,20251127,14,347,73.72
2239,20251104,5,308,126.60
2239,20251104,5,317,58.74
2240,20251214,1,109,109.65
2240,20251214,1,324,70.23
2241,20251122,11,201,85.54
2241,20251122,11,282,43.53
2242,20251214,7,431,156.12
2242,20251214,7,493,17.16
2243,20251026,1,142,32.32
2243,20251026,1,229,313.05
2244,20251019,10,54,96.26
2244,20251019,10,144,267.51
2245,20251214,9,65,240.30
2245,20251214,9,477,215.96
2246,20251207,8,81,157.76
2246,20251207,8,274,176.82
2247,20251026,15,89,23.21
2247,20251026,15,272,30.03
2248,20251031,9,127,188.46
2248,20251031,9,429,263.16
2249,20251118,10,471,155.19
2249,20251118,10,482,118.12
2250,20251120,15,259,86.98
2250,20251120,15,267,82.91
2251,20251213,19,315,11.06
2251,20251213,19,371,61.54
2252,20251114,4,22,131.61
2252,20251114,4,276,242.82
2253,20251025,20,117,193.94
2253,20251025,20,241,103.40
2254,20251109,11,4,80.39
2254,20251109,11,78,160.16
2255,20251214,9,250,64.56
2255,20251214,9,294,66.28
2256,20251026,11,90,63.30
2256,20251026,11,129,17.56
2257,20251202,11,2,108.26
2257,20251202,11,316,5.01
2258,20251019,15,79,137.44
2258,20251019,15,287,52.92
2259,20251019,4,65,333.08
2259,20251019,4,264,102.66
2260,20251213,18,224,164.20
2260,20251213,18,226,85.88
2261,20251126,4,362,137.36
2261,20251126,4,428,57.65
2262,20251211,3,5,191.88
2262,20251211,3,298,26.22
2263,20251120,12,342,62.64
2263,20251120,12,400,282.33
2264,20251129,10,50,236.55
2264,20251129,10,249,170.26
2265,20251121,4,134,64.60
2265,20251121,4,451,17.98
2266,20251023,12,395,97.78
2266,20251023,12,438,142.95
2267,20251103,12,201,17.48
2267,20251103,12,336,64.72
2268,20251121,11,374,48.44
2268,20251121,11,491,13.64
2269,20251208,7,83,37.58
2269,20251208,7,311,160.40
2270,20251209,10,31,25.08
2270,20251209,10,308,176.50
2271,20251119,12,263,14.20
2271,20251119,12,366,38.97
2272,20251019,10,7,218.85
2272,20251019,10,446,36.84
2273,20251215,10,419,178.54
2273,20251215,10,478,114.26
2274,20251208,17,202,105.90
2274,20251208,17,499,190.12
2275,20251120,4,13,73.50
2275,20251120,4,488,164.58
2276,20251204,19,281,20.59
2276,20251204,19,363,128.06
2277,20251214,12,9,69.30
2277,20251214,12,151,283.44
2278,20251203,14,8,289.32
2278,20251203,14,9,200.58
2279,20251027,7,147,64.46
2279,20251027,7,282,94.00
2280,20251113,3,243,112.20
2280,20251113,3,469,86.76
2281,20251130,4,3,70.77
2281,20251130,4,478,161.10
2282,20251028,18,360,199.42
2282,20251028,18,418,57.48
2283,20251202,11,301,25.16
2283,20251202,11,316,216.09
2284,20251124,14,136,170.64
2284,20251124,14,376,21.51
2285,20251017,17,487,142.68
2285,20251017,17,499,66.62
2286,20251125,15,74,198.45
2286,20251125,15,381,99.72
2287,20251016,5,84,76.06
2287,20251016,5,440,133.20
2288,20251025,19,309,34.12
2288,20251025,19,324,26.99
2289,20251129,14,199,66.86
2289,20251129,14,476,179.13
2290,20251108,14,82,110.88
2290,20251108,14,410,83.48
2291,20251202,7,343,64.57
2291,20251202,7,414,116.73
2292,20251118,17,31,19.12
2292,20251118,17,82,317.60
2293,20251017,9,159,81.64
2293,20251017,9,417,142.56
2294,20251113,2,34,42.63
2294,20251113,2,494,76.82
2295,20251206,19,325,109.84
2295,20251206,19,394,204.93
2296,20251104,12,26,107.94
2296,20251104,12,436,185.64
2297,20251117,8,306,201.06
2297,20251117,8,319,58.19
2298,20251024,10,175,229.96
2298,20251024,10,460,95.67
2299,20251114,13,1,54.45
2299,20251114,13,135,65.15
2300,20251018,17,239,60.15
2300,20251018,17,364,169.56
2301,20251211,18,166,59.52
2301,20251211,18,329,77.64
2302,20251207,1,360,63.10
2302,20251207,1,459,18.06
2303,20251112,6,125,229.59
2303,20251112,6,301,50.25
2304,20251115,16,139,83.61
2304,20251115,16,229,213.96
2305,20251208,3,315,64.84
2305,20251208,3,337,206.37
2306,20251018,14,315,156.09
2306,20251018,14,386,131.58
2307,20251123,15,207,40.88
2307,20251123,15,462,278.34
2308,20251203,4,208,274.56
2308,20251203,4,293,75.90
2309,20251025,9,25,183.42
2309,20251025,9,324,396.76
2310,20251130,19,455,39.69
2310,20251130,19,490,44.46
2311,20251019,3,422,278.48
2311,20251019,3,432,130.04
2312,20251117,4,28,21.15
2312,20251117,4,252,183.24
2313,20251201,3,37,101.30
2313,20251201,3,280,196.80
2314,20251020,11,294,218.52
2314,20251020,11,298,43.38
2315,20251206,17,144,25.73
2315,20251206,17,213,114.36
2316,20251021,18,239,67.78
2316,20251021,18,271,283.72
2317,20251101,8,423,49.50
2317,20251101,8,474,126.72
2318,20251019,4,169,147.32
2318,20251019,4,179,265.17
2319,20251024,13,41,69.00
2319,20251024,13,416,52.26
2320,20251023,17,123,184.44
2320,20251023,17,489,20.08
2321,20251111,18,318,98.76
2321,20251111,18,352,102.52
2322,20251030,7,252,20.26
2322,20251030,7,497,281.22
2323,20251112,9,363,78.17
2323,20251112,9,403,301.38
2324,20251116,6,183,302.08
2324,20251116,6,374,168.24
2325,20251030,6,123,279.81
2325,20251030,6,227,80.96
2326,20251028,2,237,60.72
2326,20251028,2,468,46.17
2327,20251130,12,206,105.12
2327,20251130,12,261,34.52
2328,20251111,19,211,74.34
2328,20251111,19,495,59.73
2329,20251031,13,71,229.28
2329,20251031,13,122,89.90
2330,20251212,3,403,104.08
2330,20251212,3,471,19.11
2331,20251206,10,49,134.07
2331,20251206,10,319,51.58
2332,20251106,15,82,73.62
2332,20251106,15,491,168.92
2333,20251114,3,28,223.08
2333,20251114,3,252,44.28
2334,20251023,7,282,111.18
2334,20251023,7,427,148.83
2335,20251209,6,465,16.78
2335,20251209,6,472,52.79
2336,20251103,19,29,312.12
2336,20251103,19,169,114.30
2337,20251115,4,82,98.94
2337,20251115,4,433,43.12
2338,20251111,16,132,74.76
2338,20251111,16,163,148.24
2339,20251105,13,281,136.36
2339,20251105,13,292,140.76
2340,20251106,18,108,64.35
2340,20251106,18,342,218.56
2341,20251020,6,68,144.74
2341,20251020,6,193,179.07
2342,20251114,14,111,341.16
2342,20251114,14,495,112.90
2343,20251212,16,191,181.26
2343,20251212,16,342,91.62
2344,20251027,3,187,50.68
2344,20251027,3,384,62.52
2345,20251024,4,117,260.25
2345,20251024,4,477,303.36
2346,20251215,13,286,302.97
2346,20251215,13,384,256.84
2347,20251215,1,256,418.92
2347,20251215,1,403,105.24
2348,20251108,2,315,117.56
2348,20251108,2,353,305.88
2349,20251208,19,108,178.30
2349,20251208,19,367,288.48
2350,20251201,14,228,36.66
2350,20251201,14,403,156.84
2351,20251108,2,291,22.86
2351,20251108,2,436,27.69
2352,20251105,16,98,203.48
2352,20251105,16,140,33.73
2353,20251103,12,321,283.08
2353,20251103,12,326,248.97
2354,20251114,18,308,101.59
2354,20251114,18,320,200.12
2355,20251213,14,394,58.59
2355,20251213,14,424,230.36
2356,20251120,5,366,139.02
2356,20251120,5,398,174.21
2357,20251108,7,124,12.62
2357,20251108,7,391,72.92
2358,20251129,7,101,74.25
2358,20251129,7,304,64.46
2359,20251110,7,169,250.00
2359,20251110,7,207,328.12
2360,20251209,12,239,177.54
2360,20251209,12,410,64.03
2361,20251122,12,87,364.60
2361,20251122,12,194,27.55
2362,20251115,17,381,282.06
2362,20251115,17,455,249.60
2363,20251215,10,51,69.06
2363,20251215,10,118,190.48
2364,20251122,6,20,144.70
2364,20251122,6,62,34.02
2365,20251104,9,119,20.85
2365,20251104,9,387,186.06
2366,20251115,15,188,26.04
2366,20251115,15,360,57.00
2367,20251201,5,230,137.80
2367,20251201,5,399,17.67
2368,20251114,8,152,66.16
2368,20251114,8,478,137.60
2369,20251117,20,281,232.65
2369,20251117,20,305,79.77
2370,20251108,9,56,26.43
2370,20251108,9,197,254.04
2371,20251103,5,22,148.83
2371,20251103,5,195,80.74
2372,20251113,9,251,68.25
2372,20251113,9,412,96.48
2373,20251118,13,381,30.39
2373,20251118,13,426,302.20
2374,20251016,4,196,194.01
2374,20251016,4,486,133.84
2375,20251027,20,63,251.61
2375,20251027,20,249,196.14
2376,20251213,2,35,26.66
2376,20251213,2,48,62.84
2377,20251203,12,89,243.51
2377,20251203,12,481,77.13
2378,20251112,11,157,65.01
2378,20251112,11,393,275.25
2379,20251208,12,99,42.42
2379,20251208,12,270,63.76
2380,20251028,13,45,208.65
2380,20251028,13,381,163.83
2381,20251205,12,297,171.38
2381,20251205,12,314,60.84
2382,20251124,14,67,228.36
2382,20251124,14,426,147.14
2383,20251114,9,70,77.30
2383,20251114,9,325,82.08
2384,20251117,12,24,61.82
2384,20251117,12,218,221.16
2385,20251115,16,263,397.76
2385,20251115,16,307,134.19
2386,20251204,14,2,37.38
2386,20251204,14,199,196.56
2387,20251204,5,98,265.92
2387,20251204,5,494,220.92
2388,20251022,5,43,253.44
2388,20251022,5,253,106.20
2389,20251027,4,156,132.32
2389,20251027,4,475,14.61
2390,20251020,5,336,16.92
2390,20251020,5,387,49.01
2391,20251107,18,280,84.36
2391,20251107,18,287,51.36
2392,20251206,14,122,39.69
2392,20251206,14,374,124.71
2393,20251117,5,99,99.84
2393,20251117,5,477,142.02
2394,20251022,6,112,125.08
2394,20251022,6,370,27.42
2395,20251017,12,327,346.12
2395,20251017,12,337,58.22
2396,20251025,1,6,127.76
2396,20251025,1,311,154.54
2397,20251104,3,204,78.27
2397,20251104,3,238,91.95
2398,20251109,15,151,253.20
2398,20251109,15,204,45.22
2399,20251130,17,150,58.43
2399,20251130,17,380,144.92
2400,20251126,5,254,129.40
2400,20251126,5,276,47.10
2401,20251116,5,21,8.52
2401,20251116,5,489,374.32
2402,20251103,1,174,92.04
2402,20251103,1,486,155.40
2403,20251018,3,353,82.50
2403,20251018,3,418,34.82
2404,20251121,3,247,95.25
2404,20251121,3,287,377.36
2405,20251030,9,170,149.90
2405,20251030,9,227,358.92
2406,20251021,8,35,31.58
2406,20251021,8,493,118.90
2407,20251123,16,169,43.88
2407,20251123,16,360,141.88
2408,20251108,3,21,153.42
2408,20251108,3,297,189.56
2409,20251128,11,18,27.63
2409,20251128,11,81,255.40
2410,20251212,4,59,182.64
2410,20251212,4,287,94.55
2411,20251113,18,309,218.49
2411,20251113,18,489,170.94
2412,20251213,5,209,36.69
2412,20251213,5,489,189.51
2413,20251212,17,107,127.50
2413,20251212,17,292,37.56
2414,20251107,19,84,167.52
2414,20251107,19,372,108.14
2415,20251019,2,95,49.25
2415,20251019,2,440,118.32
2416,20251113,2,111,325.44
2416,20251113,2,216,117.68
2417,20251210,1,267,154.23
2417,20251210,1,361,87.96
2418,20251112,3,28,251.79
2418,20251112,3,451,271.44
2419,20251114,14,195,248.28
2419,20251114,14,479,166.70
2420,20251029,14,312,405.48
2420,20251029,14,336,289.29
2421,20251113,19,113,287.31
2421,20251113,19,340,176.28
2422,20251206,18,235,41.58
2422,20251206,18,292,62.14
2423,20251109,7,310,253.20
2423,20251109,7,495,66.95
2424,20251121,5,281,149.22
2424,20251121,5,309,94.88
2425,20251021,2,58,98.38
2425,20251021,2,462,106.32
2426,20251120,2,150,29.26
2426,20251120,2,490,28.82
2427,20251208,10,355,213.96
2427,20251208,10,366,135.32
2428,20251206,6,125,40.89
2428,20251206,6,201,205.59
2429,20251205,15,63,115.74
2429,20251205,15,407,196.41
2430,20251028,6,193,111.84
2430,20251028,6,194,75.40
2431,20251029,8,283,89.54
2431,20251029,8,425,153.75
2432,20251115,11,180,121.62
2432,20251115,11,236,99.14
2433,20251107,13,87,169.72
2433,20251107,13,163,140.49
2434,20251207,7,333,162.60
2434,20251207,7,415,348.92
2435,20251119,2,16,36.60
2435,20251119,2,68,73.60
2436,20251125,8,49,74.60
2436,20251125,8,118,154.64
2437,20251025,1,18,133.34
2437,20251025,1,309,58.53
2438,20251115,13,146,142.64
2438,20251115,13,222,150.44
2439,20251121,3,227,142.90
2439,20251121,3,411,404.32
2440,20251104,4,115,127.78
2440,20251104,4,317,157.82
2441,20251201,1,101,9.23
2441,20251201,1,260,109.71
2442,20251210,9,277,133.80
2442,20251210,9,360,374.76
2443,20251118,16,60,287.13
2443,20251118,16,319,84.21
2444,20251023,15,363,374.08
2444,20251023,15,484,160.56
2445,20251020,13,170,27.78
2445,20251020,13,241,187.56
2446,20251212,17,191,71.22
2446,20251212,17,435,103.26
2447,20251126,13,141,24.50
2447,20251126,13,323,188.28
2448,20251018,17,263,212.79
2448,20251018,17,451,5.66
2449,20251026,12,276,124.47
2449,20251026,12,475,345.56
2450,20251105,5,45,204.12
2450,20251105,5,411,225.24
2451,20251103,13,233,77.90
2451,20251103,13,320,54.96
2452,20251129,3,140,42.66
2452,20251129,3,313,91.44
2453,20251129,4,269,152.50
2453,20251129,4,389,88.53
2454,20251128,18,75,130.98
2454,20251128,18,445,336.28
2455,20251019,9,100,153.75
2455,20251019,9,305,248.76
2456,20251019,2,109,110.96
2456,20251019,2,444,68.24
2457,20251022,4,404,34.59
2457,20251022,4,467,204.21
2458,20251024,13,178,103.58
2458,20251024,13,223,203.54
2459,20251030,11,367,76.92
2459,20251030,11,420,64.50
2460,20251123,4,353,96.34
2460,20251123,4,371,238.02
2461,20251121,8,21,162.80
2461,20251121,8,209,364.36
2462,20251120,17,84,164.98
2462,20251120,17,239,194.66
2463,20251104,7,262,110.94
2463,20251104,7,385,11.34
2464,20251211,12,454,5.60
2464,20251211,12,481,233.55
2465,20251127,17,271,124.92
2465,20251127,17,338,398.72
2466,20251118,2,207,93.63
2466,20251118,2,400,10.46
2467,20251023,20,37,54.94
2467,20251023,20,150,178.36
2468,20251110,20,469,292.32
2468,20251110,20,494,187.84
2469,20251211,7,262,315.80
2469,20251211,7,318,14.60
2470,20251119,13,39,141.48
2470,20251119,13,462,266.73
2471,20251108,17,377,122.96
2471,20251108,17,458,182.68
2472,20251213,13,211,257.40
2472,20251213,13,257,236.58
2473,20251117,4,241,105.80
2473,20251117,4,401,221.13
2474,20251018,6,161,237.60
2474,20251018,6,162,96.04
2475,20251215,2,215,213.84
2475,20251215,2,235,119.31
2476,20251208,3,53,40.20
2476,20251208,3,279,39.38
2477,20251214,14,20,128.54
2477,20251214,14,459,54.62
2478,20251109,12,111,183.72
2478,20251109,12,182,173.76
2479,20251019,2,60,384.12
2479,20251019,2,253,50.16
2480,20251028,18,210,44.01
2480,20251028,18,380,351.72
2481,20251122,13,81,203.46
2481,20251122,13,117,110.76
2482,20251207,10,48,398.40
2482,20251207,10,231,40.70
2483,20251030,10,384,96.81
2483,20251030,10,430,17.83
2484,20251204,10,337,73.56
2484,20251204,10,422,170.34
2485,20251209,14,54,83.19
2485,20251209,14,322,28.41
2486,20251028,8,48,96.14
2486,20251028,8,454,53.12
2487,20251029,18,28,101.28
2487,20251029,18,61,193.17
2488,20251025,11,303,70.92
2488,20251025,11,328,28.12
2489,20251116,16,260,88.80
2489,20251116,16,376,71.42
2490,20251023,14,115,73.88
2490,20251023,14,234,104.12
2491,20251028,4,337,62.62
2491,20251028,4,338,166.35
2492,20251103,16,119,149.30
2492,20251103,16,336,134.92
2493,20251118,6,149,85.93
2493,20251118,6,238,205.36
2494,20251020,8,164,84.76
2494,20251020,8,359,49.50
2495,20251207,10,279,78.60
2495,20251207,10,450,264.51
2496,20251206,8,126,99.34
2496,20251206,8,482,35.80
2497,20251201,13,167,200.92
2497,20251201,13,178,197.73
2498,20251026,3,203,91.95
2498,20251026,3,324,266.91
2499,20251029,2,160,61.14
2499,20251029,2,399,38.70
2500,20251017,15,158,34.51
2500,20251017,15,250,187.02
2501,20251215,1,312,242.82
2501,20251215,1,385,13.28
2502,20251127,13,213,36.37
2502,20251127,13,265,33.00
